Comment,Vader score,Vader label,TextBlob score,TextBlob label,BERT score,BERT label
What proo,0.0,Neutral,0.0,Neutral,-0.2974797487258911,Negative
"I remember when the comment section was normal,not a calendar",0.0,Neutral,0.0,Neutral,0.2987362742424011,Neutral
this will never get old,0.0,Neutral,0.1,Neutral,0.5140286684036255,Positive
T-Series   Take Notes.,0.0,Neutral,0.0,Neutral,0.350076287984848,Positive
Is the intro roomie official?,0.0,Neutral,0.0,Neutral,-0.307650476694107,Negative
We back after 3 years,0.0,Neutral,0.0,Neutral,-0.2795862555503845,Negative
I'm going to pay PewDiePie to play this song at my wedding.,0.25,Positive,0.0,Neutral,0.3253940939903259,Neutral
why is this so smooth to me,0.0,Neutral,0.4,Positive,0.489816665649414,Positive
Let's make 30th April international bitch lasagna day,-0.5859,Negative,0.0,Neutral,0.3144722282886505,Neutral
"I'm sorry, but as an Indian, I take offense to this, as our languages are beautiful. What you say about T-Series is true, but please don't insult my culture.",0.9313,Positive,0.2333333333333333,Neutral,0.2745251953601837,Neutral
epic pewds,0.0,Neutral,0.1,Neutral,0.6573387980461121,Positive
I was in 4th grade during this and i would blast this song on the bus on repeat. Thank you king of youtube for being here for over a decade.,0.3612,Positive,0.0,Neutral,0.6374355554580688,Positive
Ğ‘Ğ¸Ñ‡ Ğ»Ğ°Ğ·Ğ°Ğ½ÑŒÑ!,0.0,Neutral,0.0,Neutral,0.3889469504356384,Positive
"an interesting fact and that if you write ""interesting fact"" in your sentence, people are more likely to read it to the end!",0.7177,Positive,0.375,Positive,0.3733816742897033,Positive
Day 349 of listening wat a master piece,0.6249,Positive,0.0,Neutral,0.760118305683136,Positive
wakeuppewds ~2022~,0.0,Neutral,0.0,Neutral,0.2152601033449173,Neutral
Cool,0.3182,Positive,0.35,Positive,0.4904145896434784,Positive
Do nada???,0.0,Neutral,0.0,Neutral,-0.6716338396072388,Negative
Whatfaq kakaakaakka,0.0,Neutral,0.0,Neutral,-0.301011860370636,Negative
HOLY SPIRI-,0.1779,Positive,0.0,Neutral,0.4970384836196899,Positive
My 299th day on listening to Bitch Lasagna.,-0.5859,Negative,0.0,Neutral,0.620304524898529,Positive
ãŠå‰ãŒKINGã ï¼,0.0,Neutral,0.0,Neutral,0.2486861646175384,Neutral
Leaving this comment to say that I was here for this war. Such a masterpiece,-0.1343,Negative,0.0,Neutral,0.7989955544471741,Positive
pewğŸ˜…,0.3612,Positive,0.0,Neutral,0.3085779249668121,Neutral
I love this song my cosins are vibeing,0.6369,Positive,0.5,Positive,0.8251080513000488,Positive
Here in 2022,0.0,Neutral,0.0,Neutral,0.4284941554069519,Positive
"John Artbuckle : you need to eat your lasagna Garfield 
Garfield : Just one music video!
John Artbuckle: ok thanks hope you enjoy your lasagna today
Garfield: Thanks ğŸ«¡
John Artbuckle: your welcome ğŸ«¡",0.9468,Positive,0.42,Positive,0.4461936354637146,Positive
It's been 3yrs,0.0,Neutral,0.0,Neutral,0.2708742022514343,Neutral
Still(:,0.0,Neutral,0.0,Neutral,0.258294016122818,Neutral
ã‚ˆãé ‘å¼µã£ãŸï¼,0.7345,Positive,0.875,Positive,0.512626588344574,Positive
1v1 in mm2,0.0,Neutral,0.0,Neutral,0.4081012308597564,Positive
303 triá»‡u lÆ°á»£t xem:))),0.0,Neutral,0.5,Positive,0.3740828335285187,Positive
Anyone still listening in 2022?,0.0,Neutral,0.0,Neutral,-0.5203046202659607,Negative
Lmao this again,0.5994,Positive,0.6,Positive,0.4710127413272857,Positive
Dislikes?  Thereâ€™s none.  Everyone liked this video :),-0.2575,Negative,0.55,Positive,0.5095095634460449,Positive
Ğ½Ğ¾Ñ€Ğ¼,0.0,Neutral,0.0,Neutral,-0.4748220443725586,Negative
Actually I was 500k subscribed,0.0,Neutral,0.0,Neutral,-0.5303092002868652,Negative
In 2069 I'm gonna tell my grandkids the story of this war,-0.6833,Negative,0.0,Neutral,0.4384573400020599,Positive
Me that I'm Italian and I don't like T series:,-0.2755,Negative,0.0,Neutral,-0.395508736371994,Negative
BANGER,0.0,Neutral,0.0,Neutral,-0.2741033732891083,Negative
all hail water sheep,0.0772,Positive,0.0,Neutral,-0.2986761331558227,Negative
Nice,0.4215,Positive,0.6,Positive,0.4368410110473633,Positive
;),0.2263,Positive,0.25,Neutral,0.4011613428592682,Positive
I was the first subscriber of Pewdipie,0.0,Neutral,0.25,Neutral,0.2670017778873443,Neutral
3 years already? Time really flies.,0.0,Neutral,0.2,Neutral,-0.3924240469932556,Negative
This was a legendary era on youtube,0.0,Neutral,1.0,Positive,0.748304545879364,Positive
Didnt you upload a vedio who you congrajulation them,0.4939,Positive,0.0,Neutral,-0.5305824875831604,Negative
0:34,0.0,Neutral,0.0,Neutral,-0.4507315456867218,Negative
Who is here at 2022,0.0,Neutral,0.0,Neutral,0.3684208393096924,Positive
classic song,0.0,Neutral,0.1666666666666666,Neutral,0.5534293055534363,Positive
Bros flow is playing hide and seek with the beat,0.0258,Neutral,0.0,Neutral,0.3699389398097992,Positive
"Aw heck yea man.
:>",0.4767,Positive,0.5,Positive,0.2427100539207458,Neutral
Woah is so good song,0.5777,Positive,0.7,Positive,0.3295758962631225,Neutral
PewDiePie's channel turned 12 today,0.0,Neutral,0.0,Neutral,-0.3227603435516357,Negative
"I knew it, Youtube would recommend me this in about 3-4 years",0.3612,Positive,0.0,Neutral,0.3226756155490875,Neutral
Day 6 of listening Bitch Lasagna.,-0.5859,Negative,0.0,Neutral,-0.5602439045906067,Negative
No dislikes on this video shows how this video is such a masterpiece,0.7475,Positive,0.0,Neutral,0.8705917596817017,Positive
"Lasanha de puta 
Lasanha de puta 
Haha incrÃ­vel essa letra.",-0.2023,Negative,0.4,Positive,-0.454619288444519,Negative
"Most people donâ€™t realise that this was WW3, and we should be looking out for WW4.",0.0,Neutral,0.5,Positive,-0.3250549137592315,Negative
so ridicult,0.0,Neutral,0.0,Neutral,-0.7423565983772278,Negative
Immagine sing this song in ukraine when a russian soldier is trying to shot you,0.0,Neutral,0.0,Neutral,-0.3015778064727783,Negative
This music is going to boom drama,0.0,Neutral,0.0,Neutral,-0.2623818516731262,Negative
I'll never get tired of it,0.3412,Positive,-0.4,Negative,0.4177304804325104,Positive
Who's warching in 2022?,0.0,Neutral,0.0,Neutral,-0.3596011400222778,Negative
I've been listening his for three years now and I can't stop it's just too good.,0.5842,Positive,0.7,Positive,-0.4468164145946502,Negative
I like how this was released 1 day after my 10th birthday,0.3612,Positive,0.0,Neutral,0.5484805107116699,Positive
YES,0.4019,Positive,0.0,Neutral,0.3790786862373352,Positive
2022 and still listening to this song ğŸ¥¹ğŸ‘,0.0,Neutral,0.0,Neutral,0.5238063335418701,Positive
3 years later this song still slaps,0.0,Neutral,0.0,Neutral,-0.3909105360507965,Negative
Evergreen.,0.0,Neutral,0.0,Neutral,0.7411924004554749,Positive
I don't want to but you lost the series and you still have the video,-0.4698,Negative,0.0,Neutral,0.2988761663436889,Neutral
2022 and I'm finally actually listening to this damn song despite all the memes and songs.,-0.481,Negative,0.0,Neutral,0.5356432795524597,Positive
The song very very beautiful ğŸ¥°,0.9233,Positive,1.0,Positive,0.7413761615753174,Positive
Back when Life was fun,0.5106,Positive,0.15,Neutral,0.3925570547580719,Positive
Ø§Ù„Ø§ØºÙ†ÙŠÙ‡ Ø£Ù†Ù‡Ø§ Ù…Ù…Ù„Ù‡ Ø¬Ø¯Ø§ Ø§Ù„ÙƒÙ„Ù…Ø§Øª. ÙˆØ§Ù„Ù…ÙˆØ³ÙŠÙ‚Ù‰   ØºÙŠØ± Ù…Ø±ÙŠØ­Ø§ Ù„Ù„Ø§Ø³ØªÙ…Ø§Ø¹,-0.5994,Negative,-0.75,Negative,-0.4802047908306122,Negative
This song bring me memories about the war that happen long ago... Time flies.,-0.5994,Negative,-0.05,Negative,0.5635117888450623,Positive
My 298th day on listening to Bitch Lasagna.,-0.5859,Negative,0.0,Neutral,0.5864017605781555,Positive
áƒ‘áƒáƒ–áƒ˜ áƒšáƒáƒ–áƒáƒœáƒ˜áƒ,0.0,Neutral,0.0,Neutral,0.2692221999168396,Neutral
This song is batter than t series,0.4404,Positive,0.5,Positive,-0.4216101169586181,Negative
The battle was legendary,-0.3818,Negative,1.0,Positive,0.4630992710590362,Positive
Ok,0.296,Positive,0.5,Positive,0.4951144456863403,Positive
lol,0.4215,Positive,0.8,Positive,0.2506950199604034,Neutral
This is now on my Spotify playlist.,0.0,Neutral,0.0,Neutral,0.5934036374092102,Positive
WoW!!,0.658,Positive,0.15625,Neutral,0.8093975186347961,Positive
Good Music,0.4404,Positive,0.7,Positive,0.4951129853725433,Positive
Came back to listen to this banger ğŸ˜©ğŸ˜©ğŸ˜©ğŸ˜©ğŸ˜©,-0.8176,Negative,0.0,Neutral,0.3099268674850464,Neutral
Bro that was INSANE! Next dis do With Zach B.,-0.5754,Negative,-0.5,Negative,-0.6975591778755188,Negative
2022 and still a listener,0.0,Neutral,0.0,Neutral,0.5231049656867981,Positive
lol,0.4215,Positive,0.8,Positive,0.2506950199604034,Neutral
Tres aÃ±os de esta obra maestra,0.7073,Positive,0.0,Neutral,0.6339161992073059,Positive
Day 5 of listening Bitch Lasagna,-0.5859,Negative,0.0,Neutral,-0.5310128331184387,Negative
"Ah I remember this age. Things were simpler then, the Saint did change things that's for sure. The end arrives soon. 

Edit: wtf m8 it's been like thirty seconds how is this getting likes already",0.6369,Positive,0.0,Neutral,0.2885478436946869,Neutral
ÙŠ,0.0,Neutral,0.0,Neutral,0.2377264648675918,Neutral
pich lesaiÃ±a,0.0,Neutral,0.0,Neutral,-0.2920537889003753,Negative
Thanks you subscribe,0.4404,Positive,0.2,Neutral,0.4723660945892334,Positive
rip pewdiepie,0.0,Neutral,0.0,Neutral,-0.4765236377716064,Negative
Still the best song of all time ğŸ‘ŒğŸ½,0.8842,Positive,1.0,Positive,0.8520053625106812,Positive
Can someone tell me why he has so many subs and veiws?? I am just confused ;-;,-0.3939,Negative,0.0499999999999999,Neutral,-0.4012026786804199,Negative
Persian subtitle ob PewDiePie videoğŸ™„ğŸ™„,0.0,Neutral,0.0,Neutral,-0.2731010615825653,Negative
2022 and still listening this song,0.0,Neutral,0.0,Neutral,0.4988056421279907,Positive
"This beat low-key goes hard. I havenâ€™t heard this song for over two years, yet for the past week Iâ€™d been humming the beat. I couldnâ€™t for the life of me work out where it was from; then today in college someone asked me â€˜r u humming bitch lasagna!?â€™ And then it dawned on me.",-0.6696,Negative,-0.3020833333333333,Negative,-0.5563108325004578,Negative
still a banger,0.0,Neutral,0.0,Neutral,-0.2358145415782928,Negative
Ø¯Ù…Øª Ú¯Ø±Ù… Ø§ÛŒØ±Ø§Ù†ÛŒ Ù‡Ù… Ú©Ù‡ Ù‡Ø³ØªÛŒ,0.0,Neutral,0.25,Neutral,0.3735670447349548,Positive
I remember when this song first dropped.,0.0,Neutral,0.25,Neutral,-0.2966088950634002,Negative
Ğ ÑƒÑÑĞºĞ¸Ğµ ĞµÑÑ‚ÑŒ?,0.0,Neutral,0.0,Neutral,-0.3848828971385956,Negative
"I feel like this is a Mandela effect but,.... Wasn't bitch lasagna like from 10 years ago-",0.4927,Positive,0.0,Neutral,0.3805013000965118,Positive
I love how YouTube recommended this to me in 2022 xD,0.8689,Positive,0.5,Positive,0.7948878407478333,Positive
Chet up pewdiepop pop,0.0,Neutral,0.0,Neutral,-0.2786752879619598,Negative
I can tell pewdiepie is really pissed heâ€™s LITERALLY SWEARING XD,-0.4005,Negative,0.2,Neutral,-0.6465306878089905,Negative
I miss 2018,-0.1531,Negative,0.0,Neutral,-0.4358739554882049,Negative
he got the skill boii,0.0,Neutral,0.0,Neutral,0.3937825262546539,Positive
I was here to see this epic war,-0.5994,Negative,0.1,Neutral,0.638489305973053,Positive
Wowpawdiepie Å‚ac,0.0,Neutral,0.0,Neutral,0.3626571893692016,Positive
if you are bad carryminati and T Series your dad,-0.5423,Negative,-0.6999999999999998,Negative,0.2305028736591339,Neutral
Hahahahahaha,0.0,Neutral,0.0,Neutral,-0.228976622223854,Negative
2022,0.0,Neutral,0.0,Neutral,0.2900533974170685,Neutral
â¤ï¸â¤ï¸â¤ï¸â¤ï¸â¤ï¸,0.0,Neutral,0.0,Neutral,0.3085779249668121,Neutral
hm,0.0,Neutral,0.0,Neutral,0.2537655234336853,Neutral
"""Editor 2015""",0.0,Neutral,0.0,Neutral,0.3810127675533294,Positive
Wow. 3 years.,0.5859,Positive,0.1,Neutral,0.7961597442626953,Positive
"Why has he not allowed to see this in India, there is no video named Bitch lasagna on his channel in India(I am using VPN)",-0.7184,Negative,0.0,Neutral,-0.6525558829307556,Negative
"This whole war was actually insane!
Can't believe it's already been 3 years...",-0.784,Negative,-0.4,Negative,-0.7820819616317749,Negative
"Holy shit, this was 3 years ago?",-0.5574,Negative,-0.2,Negative,-0.7344251275062561,Negative
ĞŸÑ€Ğ¾ Ğ¼Ğ°Ğ¼Ñƒ Ğ»Ğ¸ÑˆĞ½ĞµĞµ,0.0,Neutral,0.2,Neutral,0.2409553825855255,Neutral
I hate pew die pie he swears I hate him ğŸ˜¤ ğŸ˜’ ğŸ˜‘ ğŸ™„ ğŸ˜ ğŸ˜« ğŸ˜¤ ğŸ˜’ ğŸ¤¬ğŸ¤¬ğŸ¤¬,-0.9325,Negative,-0.8,Negative,-0.6156577467918396,Negative
Alright I guess I must leave a sign that I was once here (I watched this the day it came out but I was stupid enough not to comment).,-0.6369,Negative,-0.3999999999999999,Negative,0.6944905519485474,Positive
a pure masterpiece,0.6249,Positive,0.2142857142857142,Neutral,0.9072174429893494,Positive
that was a bitch lasagna,-0.5859,Negative,0.0,Neutral,0.2743783295154571,Neutral
my classmate got suspended by playing this master piece during lunch time,-0.3182,Negative,0.0,Neutral,-0.4257108271121979,Negative
AINT NO WAY THIS IS NEARLY HALF A DECADE OLD ALREADY,0.2235,Positive,-0.0333333333333333,Negative,-0.4988702535629272,Negative
Dang gotta come back cause this song so good,0.5777,Positive,0.35,Positive,0.4844334125518799,Positive
I got lasagnedâ€¦,0.0,Neutral,0.0,Neutral,0.3017315864562988,Neutral
fuckin awsome,0.0,Neutral,0.0,Neutral,-0.764957070350647,Negative
PEWDIEPIE,0.0,Neutral,0.0,Neutral,0.2823590338230133,Neutral
My 297th day on listening to Bitch Lasagna.,-0.5859,Negative,0.0,Neutral,0.5610812306404114,Positive
"Message for the people ""Dont let this song die""",-0.5994,Negative,0.0,Neutral,-0.5338660478591919,Negative
Cant believe its almost been 4 years,0.0,Neutral,0.0,Neutral,-0.264254629611969,Negative
Mrbeast already beat you,0.0,Neutral,0.0,Neutral,-0.5385044813156128,Negative
"Day 4 of listening Bitch Lasagna

Reply my comment after 24 hours so I can listen again",-0.5859,Negative,0.0,Neutral,-0.4477903842926025,Negative
SUBBOT~~~,0.0,Neutral,0.0,Neutral,0.2942572832107544,Neutral
The Indians kids are scared.,-0.4404,Negative,0.0,Neutral,0.3018848299980163,Neutral
Aooa,0.0,Neutral,0.0,Neutral,0.3002581000328064,Neutral
Oaoaa,0.0,Neutral,0.0,Neutral,0.2852894961833954,Neutral
Paoaoa,0.0,Neutral,0.0,Neutral,0.2768574357032776,Neutral
among us..,0.0,Neutral,0.0,Neutral,0.2775728702545166,Neutral
Ooo yea argentina bb,0.0,Neutral,0.0,Neutral,0.2684841752052307,Neutral
Well 3 years later Pewdie has died. The song is so hateful. He died with it. LOL,-0.7874,Negative,0.4,Positive,-0.8097608089447021,Negative
This is TRASH!,0.0,Neutral,0.0,Neutral,-0.9484518766403198,Negative
Still better on 1.25 speed.,0.4404,Positive,0.5,Positive,0.4235234558582306,Positive
@pink pengu,0.0,Neutral,-0.1,Negative,0.2479098886251449,Neutral
Bitch lasagna is catchy,-0.5859,Negative,0.0,Neutral,0.4146820902824402,Positive
Hmm,0.0,Neutral,0.0,Neutral,0.2306052893400192,Neutral
2022 anyone,0.0,Neutral,0.0,Neutral,-0.557307779788971,Negative
you sound like eminem,0.3612,Positive,0.4,Positive,-0.2488626986742019,Negative
What a great time to be alive!! So many wars going on... even  YouTube got some epic wars!,-0.3928,Negative,0.3953125,Positive,0.8898279070854187,Positive
kako si,0.0,Neutral,0.0,Neutral,0.4296084344387054,Positive
Love u for ind6,0.6369,Positive,0.5,Positive,0.6682947278022766,Positive
I was 6 when I started watching pewdiepie,0.0,Neutral,0.0,Neutral,0.2274347841739654,Neutral
Pew dei pie really hate t series,-0.6115,Negative,-0.8,Negative,-0.597012460231781,Negative
im alive,0.3818,Positive,0.1,Neutral,0.3833149671554565,Positive
This shit goes HardğŸ›ğŸ¤,-0.4215,Negative,-0.2,Negative,0.4701349139213562,Positive
Iâ€™m still listening to this song :)))),0.0,Neutral,0.5,Positive,0.5589929819107056,Positive
There's not any doubt. He is most subscribed individual creator.,0.2755,Positive,0.25,Neutral,0.5392566323280334,Positive
Respect who leasten to this masterpiece in 2022,0.8391,Positive,0.0,Neutral,0.6451862454414368,Positive
life peaked when this dropped,0.0,Neutral,0.0,Neutral,-0.3693769574165344,Negative
ain't no way this almost 4 years ago,0.2235,Positive,0.0,Neutral,-0.4572570919990539,Negative
Pewdiepie 1 YouTube video 11M like,0.3612,Positive,0.0,Neutral,-0.3932382464408874,Negative
Porra esse Ã³culos Ã© feio pra caralho,-0.8591,Negative,-0.55,Negative,-0.283291757106781,Negative
pewdiepie is better than t series,0.4404,Positive,0.5,Positive,0.3644475042819977,Positive
Lol,0.4215,Positive,0.8,Positive,0.2506950199604034,Neutral
where's the English caption???,0.0,Neutral,0.0,Neutral,-0.430672138929367,Negative
still hits hard,-0.1027,Negative,-0.2916666666666667,Negative,0.2766813039779663,Neutral
never gonna get old,0.0,Neutral,0.1,Neutral,0.3519522249698639,Positive
I still love this ğŸ¤£,0.8126,Positive,0.5,Positive,0.8415940999984741,Positive
"Walaupun Penonton T Series tidak sampai 2 juta tapi video terpopuler nya sampai 1,4 Itu 4 kali lebih banyak daripada Video terpupopuler Chanel ini",0.8511,Positive,0.54,Positive,-0.2894409894943237,Negative
Done 2022,0.0,Neutral,0.0,Neutral,0.25727379322052,Neutral
+100 million yearly,0.0,Neutral,0.0,Neutral,0.313113272190094,Neutral
x1.25 = ğŸ˜ğŸ˜ğŸ˜ğŸ˜,0.9001,Positive,0.0,Neutral,0.3108499944210052,Neutral
if ur Indian or south Asian and support pewdiepie you are munted,0.4019,Positive,0.0,Neutral,-0.3052177727222442,Negative
I don't know why but I still come here everyday,0.0,Neutral,-0.2,Negative,0.4371020495891571,Positive
I am Indian but I still support pewdiepie,0.5499,Positive,0.0,Neutral,0.379637211561203,Positive
Ñ Ñ…Ğ¾Ñ‡Ñƒ Ğ¿Ğ¸Ñ†Ñ‹,0.0772,Positive,0.0,Neutral,0.2379495799541473,Neutral
:-)ğŸ‘ğŸ‘ğŸ‘ğŸ‘ğŸ‘ğŸ˜˜ğŸ˜˜ğŸ˜˜ğŸ˜˜ğŸ˜˜ğŸ˜ğŸ˜ğŸ˜ğŸ˜ğŸ˜ğŸ˜ğŸ’“ğŸ’“ğŸ’“ğŸ’œğŸ’œ,0.9961,Positive,0.5,Positive,0.5020255446434021,Positive
You don't even have 200m boch,0.0,Neutral,0.0,Neutral,-0.2563834488391876,Negative
My 296th day on listening to Bitch Lasagna.,-0.5859,Negative,0.0,Neutral,0.5857787132263184,Positive
"It's sad how much we fought for pewdiepie and we lost due to t series cheating but Don't worry because..



the war isn't over...",-0.8356,Negative,-0.1416666666666666,Negative,0.4424275755882263,Positive
Memphis Boy was here ğŸ‘Š,0.0,Neutral,0.0,Neutral,0.4037854969501495,Positive
this song never dies ye fuck ey,0.431,Positive,-0.4,Negative,-0.6305088996887207,Negative
"Day 3 of listening Bitch lasagna

Reply my comment after 24 hours so I can listen again",-0.5859,Negative,0.0,Neutral,-0.4431859254837036,Negative
"Pewdiepie: b***ch lasagna
The other people at the park: wtf this guy wiggling like that.",-0.3182,Negative,-0.3125,Negative,-0.5094820261001587,Negative
"Yes, Old times",0.4019,Positive,0.1,Neutral,0.3119510114192962,Neutral
Why is it is slovene ?,0.0,Neutral,0.0,Neutral,-0.3856204450130462,Negative
ğŸ¥µğŸ¥µğŸ¥µğŸ¥µğŸ¥µ,0.0,Neutral,0.0,Neutral,0.3085779249668121,Neutral
anthem of the universe,0.0,Neutral,0.0,Neutral,0.6550389528274536,Positive
you you esta buena la rola,0.4404,Positive,0.7,Positive,0.4233821332454681,Positive
This is... Wonderful...,0.5719,Positive,1.0,Positive,0.8375462889671326,Positive
Here in 2022 and they have double the subs atm lol,0.4215,Positive,0.4,Positive,0.4867121279239654,Positive
"Ğ‘Ğ¸Ñ‡ Ğ»Ğ°Ğ·Ğ°Ğ½ÑŒÑ,Ğ±Ğ¸Ñ‡ Ğ»Ğ°Ğ·Ğ°Ğ½ÑŒÑ",0.0,Neutral,0.0,Neutral,0.2616901397705078,Neutral
T-series may have won the battle but Pewdiepie won the War,0.0644,Positive,0.0,Neutral,0.3151784241199493,Neutral
PewDiePie is better than Tseries 100%,0.4404,Positive,0.5,Positive,0.7332196235656738,Positive
"It's very same, I also like bish lasagna, and I seen this vido and relised they I need stronger ğŸ¤œğŸ¤œğŸ¤œ, I am very strong man ğŸ’ªğŸ¾ğŸ’ªğŸ¾ğŸ’ªğŸ¾ (I don know who made my musel black color)",0.8268,Positive,0.1322222222222222,Neutral,0.3136711418628692,Neutral
how tf was this 4 years ago,0.0,Neutral,0.0,Neutral,0.4917818903923034,Positive
i dont like you t series nothing personal kid hahahha xd lmao kekw,0.7643,Positive,0.3,Neutral,-0.5274734497070312,Negative
Chi italiano?,0.0,Neutral,0.0,Neutral,-0.4068596661090851,Negative
Ğ•ÑÑ‚ÑŒ Ñ€ÑƒÑÑĞºĞ¸Ğµ?,0.0,Neutral,0.0,Neutral,-0.3732803761959076,Negative
wait this all happened in 2018?,0.0,Neutral,0.0,Neutral,-0.5482171177864075,Negative
This is the best Disstrack I ever heard,0.6369,Positive,1.0,Positive,0.7300172448158264,Positive
pewdiepie >  all youtubers,0.0,Neutral,0.0,Neutral,-0.3289273679256439,Negative
Give this comment 10k+ likes like all the other comments,0.6486,Positive,-0.125,Negative,0.3225640654563904,Neutral
"Imagine going to the beach seeing someone dancing and yelling ""bitch lasagna!""",-0.6239,Negative,0.0,Neutral,-0.3148195445537567,Negative
tseries L!,0.0,Neutral,0.0,Neutral,0.2383131086826324,Neutral
YOU WILL ALWAYS BE THE BEST PEWDIEPIE â¤ï¸ â¤ï¸ â¤ï¸,0.7125,Positive,1.0,Positive,0.8168001174926758,Positive
Always love this man,0.6369,Positive,0.5,Positive,0.870795726776123,Positive
"3 years has passed since that battle has commenced huh? All the fallen bros, 9 year olds, and gamers, we will never forget them, and we shall never forget how we got defeated by T series, o7 to the fallen",-0.811,Negative,0.0,Neutral,0.4534697532653808,Positive
2022 THE BEST MANğŸ’,0.8816,Positive,1.0,Positive,0.8990021347999573,Positive
Nice soooooooooooong,0.4215,Positive,0.6,Positive,0.481340616941452,Positive
111JUTA SUBCRIBER. ğŸ˜®ğŸ˜®ğŸ˜®,0.0,Neutral,0.0,Neutral,-0.4288674890995025,Negative
Ğ”Ñƒ Ñ Ğ¡Ğ¿Ğ¸Ğº Ğ¸Ğ½Ğ³Ğ»Ğ¸Ñˆ?,0.0,Neutral,0.0,Neutral,-0.3021174967288971,Negative
i`m sad that T series won,0.1531,Positive,-0.5,Negative,-0.3377624750137329,Negative
"Percocets, molly, Percocets

Percocets, molly, Percocets

Rep the set, gotta rep the set

Chase a check, never chase a bitch

Mask on, fuck it, mask off

Mask on, fuck it, mask off

Percocets, molly, Percocets

Chase a check, never chase a bitch

Don't chase no bitch",-0.525,Negative,-0.4,Negative,-0.7426061630249023,Negative
My 295th day on listening to Bitch Lasagna.,-0.5859,Negative,0.0,Neutral,0.5794740915298462,Positive
"Taking register of all the people that love PewDiePie.
ğŸ‘‡",0.6369,Positive,0.5,Positive,0.7763658165931702,Positive
"kreekcraft belike: *covers ears* FAMILY FRIENDLIEST PLACE FOR ME! FAMILY FRIENDLIEST PLACE FOR ME! 
WHAT THE HECK! WHAT! WHAT THE HECK!",0.8964,Positive,0.0,Neutral,0.5330629348754883,Positive
"As a lasagna, I can confirm this is what we feel",0.0,Neutral,0.0,Neutral,0.464891642332077,Positive
ğŸ™ğŸ™ IM from indonesia,0.0,Neutral,0.0,Neutral,-0.3831067085266113,Negative
ì•„,0.0,Neutral,0.0,Neutral,0.2699761390686035,Neutral
"Man! I can't believe Pewdiepie vs. T-Series is already 4 years, I feel so old",0.0,Neutral,0.1,Neutral,-0.481642872095108,Negative
this for t series and banned in India lmao,0.2263,Positive,0.6,Positive,-0.5963438153266907,Negative
"Ğ¯ Ğ² Ñ‚ĞµÑ‡ĞµĞ½Ğ¸Ğ¸ Ğ½ĞµĞ´ĞµĞ»Ğ¸ 3 Ñ€Ğ°Ğ·Ğ° ĞµĞ» Ğ»Ğ°Ğ·Ğ°Ğ½ÑŒÑ.
ĞŸĞ¾ÑÑ‚Ğ¾Ğ¼Ñƒ Ñ€ĞµÑˆĞ¸Ğ» ÑĞ¿ÑƒÑÑ‚Ñ 3 Ğ³Ğ¾Ğ´Ğ° ÑĞ½Ğ¾Ğ²Ğ° Ğ²ĞºĞ»ÑÑ‡Ğ¸Ñ‚ÑŒ ÑÑ‚Ğ¾Ñ‚ Ñ€Ğ¾Ğ»Ğ¸Ğº Ğ¸ Ğ¿Ğ¾Ğ½Ğ°ÑÑ‚Ğ°Ğ»ÑŒĞ³Ğ¸Ñ€Ğ¾Ğ²Ğ°Ñ‚ÑŒğŸ˜€",0.3612,Positive,0.0,Neutral,-0.3134924471378326,Negative
I love how the American sign language just says hands,0.6369,Positive,0.25,Neutral,0.6973662376403809,Positive
So cringe,0.0,Neutral,0.0,Neutral,-0.4090975821018219,Negative
This will remain legendary forever,0.0,Neutral,1.0,Positive,0.8059074282646179,Positive
this is legend :))),0.0,Neutral,0.5,Positive,0.6668994426727295,Positive
Damn did it rly recommend me this 3 yrs later?,0.024,Neutral,0.1,Neutral,-0.3613570630550384,Negative
Challenger approaching: cocomelon,0.128,Positive,0.0,Neutral,0.2716275453567505,Neutral
Imagine if T-series fired back with a dis-track on Pewdiepieâ€¦,-0.5574,Negative,0.0,Neutral,-0.5227276086807251,Negative
casi 4 aÃ±os despuÃ©s y aÃºn lo recuerdo como si fuera ayer fue demasiado Ã©pico.,0.3612,Positive,0.05,Neutral,-0.4946052432060241,Negative
This song is so cringe lookin backğŸ˜­,-0.4767,Negative,0.0,Neutral,-0.5301357507705688,Negative
"Day 2 of listening Bitch Lasagna.
Reply my comment after 24 hours so I can listen again",-0.5859,Negative,0.0,Neutral,-0.4925627112388611,Negative
Did anyone else realize that he made fun of the the language they speak in India when Indians speak English and Hindi and neither of them originated from India?,0.5106,Positive,0.15,Neutral,-0.2787517607212066,Negative
The real WW3,0.0,Neutral,0.2,Neutral,0.6646521091461182,Positive
4 years ago :/,-0.34,Negative,-0.25,Negative,0.2942498922348022,Neutral
BITCH LASAGNA BEST PEWDIEPIE 2022!!,0.2462,Positive,1.0,Positive,0.4354926645755768,Positive
"BITCH LASAGNA 
I felt that part ğŸ˜”ğŸ‘Œ",0.2263,Positive,0.0,Neutral,-0.2976574897766113,Negative
yes,0.4019,Positive,0.0,Neutral,0.3790786862373352,Positive
I wish pewdiepie won,0.7506,Positive,0.0,Neutral,-0.2898739874362945,Negative
Ğ¯ Ğ¾Ğ´Ğ¸Ğ½ Ğ¸Ñ‰Ñƒ Ñ€ÑƒÑÑĞºĞ¸Ñ… Ğ² ĞºĞ¾Ğ¼Ğ¼ĞµĞ½Ñ‚Ğ°Ñ€Ğ¸ÑÑ…?,0.0,Neutral,0.0,Neutral,-0.3320992588996887,Negative
Anyone back here? ğŸ¤£,0.4939,Positive,0.0,Neutral,-0.6280485391616821,Negative
i can already see this in our recommended in 8 years from now,0.2023,Positive,0.0,Neutral,0.6412919163703918,Positive
T series ğŸ–•,0.0,Neutral,0.0,Neutral,0.4088568985462188,Positive
Never forgotten..,0.1695,Positive,0.0,Neutral,0.3849031031131744,Positive
Pewdiepie god t series poop,0.2732,Positive,0.0,Neutral,-0.3119673132896423,Negative
Who is watching this song in 2022,0.0,Neutral,0.0,Neutral,0.3928851187229156,Positive
POV: you thought about this song and now your back,0.0,Neutral,0.0,Neutral,-0.3302608132362366,Negative
Ğ¯ Ğ° Ğ´Ğ¸Ğ½ Ñ€ÑƒÑÑĞºĞ¸Ğ¹,0.0,Neutral,0.0,Neutral,-0.2293159067630767,Negative
"Government: Bans video in India
Me with a VPN: *Hehehe*",0.0,Neutral,0.0,Neutral,-0.7000740766525269,Negative
Hmmm recommended 3 year later,0.2023,Positive,0.0,Neutral,0.2738985121250152,Neutral
Pewdiepie have more subscribers than mrbeast lol,0.4215,Positive,0.65,Positive,-0.2956955432891845,Negative
At the start my ears were moving I swear,-0.0516,Negative,0.0,Neutral,-0.3961315751075744,Negative
"the ""american sign language"" caption IM CRYINGGG",0.0,Neutral,0.0,Neutral,0.2297330051660537,Neutral
*gets copyrighted*,0.0,Neutral,0.0,Neutral,-0.7007883787155151,Negative
Ğ¢Ñ‹ Ğ Ğ£Ğ¡Ğ¡ĞšĞ˜Ğ™????,0.0,Neutral,0.0,Neutral,-0.5354787707328796,Negative
Can't believe it YouTube  Really Recommended me This aft 2 years,0.2716,Positive,0.2,Neutral,0.6235930323600769,Positive
The next generation must enjoy this,0.4939,Positive,0.2,Neutral,0.5926668643951416,Positive
"the boom, was PerFeCtğŸ™ƒ",0.5719,Positive,0.0,Neutral,0.2740298807621002,Neutral
"This is the world biggest history



















*minecraft world*",0.0,Neutral,0.0,Neutral,0.7479978799819946,Positive
the deaf audience when they turned on the american sign language subtitle,0.0,Neutral,0.0,Neutral,-0.4058572053909302,Negative
Ğ‘Ğ¸Ñ‡ Ğ»Ğ°Ğ·Ğ°Ğ½ÑŒÑ,0.0,Neutral,0.0,Neutral,0.2996432185173034,Neutral
why is t serious getting hate for almost passing pewdiepie?,-0.6124,Negative,-0.5666666666666667,Negative,-0.512194812297821,Negative
Ut uos chat ior rap piudipa,0.0,Neutral,0.0,Neutral,0.2930197119712829,Neutral
That uose de uorse rap dad i rierd  of mai laife,0.0,Neutral,0.0,Neutral,-0.455614686012268,Negative
"pewdiepie: *die you stupid t series*
Me, whose family is Pakistani and listens yo songs from T series: *cri*",-0.8074,Negative,-0.7999999999999999,Negative,-0.6582862734794617,Negative
Jel naslov hrvatskiğŸ¤£,0.0,Neutral,0.0,Neutral,0.2370110005140304,Neutral
ğŸ¤£,0.4939,Positive,0.0,Neutral,0.3085779249668121,Neutral
ĞĞ°ÑÑ‚Ğ¾Ğ»ÑŒĞ³Ğ¸Ñ....,0.0,Neutral,0.0,Neutral,0.2811272144317627,Neutral
2018 was such a good year!,0.4926,Positive,0.4375,Positive,0.6475113034248352,Positive
Imagine being the first subscriber of Pewdiepie. how do you feel now,0.0,Neutral,0.25,Neutral,0.5620507001876831,Positive
"Me in 2061:
Grand son; Hey grandpa have you ever been in a war?
Me;",-0.2263,Negative,0.5,Positive,0.4049963355064392,Positive
"Watching this in 2022 
And it still vibes",0.0,Neutral,0.0,Neutral,0.5625195503234863,Positive
Blitch lasagna,0.0,Neutral,0.0,Neutral,-0.3071162700653076,Negative
Blitch lasagna,0.0,Neutral,0.0,Neutral,-0.3071162700653076,Negative
yes.,0.4019,Positive,0.0,Neutral,0.2993093132972717,Neutral
2022 legends are here,0.0,Neutral,0.0,Neutral,0.5695205330848694,Positive
This song is more of a rap and itâ€™s cool!!!ğŸ˜ğŸ˜ğŸ˜ğŸ˜ğŸ˜ğŸ˜ğŸ˜ğŸ˜ğŸ˜ğŸ˜ğŸ˜ğŸ˜ğŸ¥³ğŸ¥³ğŸ˜ğŸ˜ğŸ˜ğŸ˜ğŸ˜,0.9952,Positive,0.5,Positive,0.6736281514167786,Positive
"Day 1 of listening Bitch lasagna

Reply my comment after 24 hours so I can listen this again.",-0.5859,Negative,0.0,Neutral,-0.4058087766170501,Negative
T series 214m ğŸ¥¶,0.0,Neutral,0.0,Neutral,0.4505688548088074,Positive
"This song from his own channel is banned in Indian .. 
I just moved to a different country and now itâ€™s my first time listening to this song from his own channel lol",-0.0516,Negative,0.45,Positive,-0.7318322658538818,Negative
My 294th day on listening to Bitch Lasagna.,-0.5859,Negative,0.0,Neutral,0.5927501320838928,Positive
you should put this on Spotify and u will be FUCKING RICH,0.7476,Positive,0.375,Positive,0.5226722359657288,Positive
12 hours pls,0.0772,Positive,0.0,Neutral,-0.2257390916347503,Negative
Who else came back to watch this thinking..... in another timeline he won,0.5719,Positive,0.0,Neutral,-0.5644693374633789,Negative
still slaps,0.0,Neutral,0.0,Neutral,-0.3587982058525085,Negative
WOW,0.5859,Positive,0.1,Neutral,0.6995608806610107,Positive
Bless teh algorhythm for bringing me back to this,0.4215,Positive,0.0,Neutral,-0.4848028719425201,Negative
W',0.0,Neutral,0.0,Neutral,0.2686297297477722,Neutral
Bro Iâ€™m just noticing the racist jokes in here ğŸ˜‚,-0.0258,Neutral,0.0,Neutral,-0.2840515375137329,Negative
Dobro jeğŸ–’,0.4404,Positive,0.7,Positive,0.4485503733158111,Positive
00:02 balls,0.0,Neutral,0.0,Neutral,-0.3109554946422577,Negative
Nice,0.4215,Positive,0.6,Positive,0.4368410110473633,Positive
Still bangs,0.0,Neutral,0.0,Neutral,-0.3203300535678863,Negative
The nostalgia,0.0,Neutral,0.0,Neutral,0.4251258075237274,Positive
"okay hip hop.. you are the coolest youtuber, your work is really famous. yo Yo let's work to be rich.",0.6705,Positive,0.4583333333333333,Positive,0.7779046297073364,Positive
Wow this popped up in my recommended... ahhh,0.6808,Positive,0.1,Neutral,0.7006518840789795,Positive
can people like this comment in like 5 years so i get reminded of this masterpiece,0.8713,Positive,0.0,Neutral,0.7492569088935852,Positive
Hej,0.0,Neutral,0.0,Neutral,0.2906193137168884,Neutral
It's one of the best song,0.6369,Positive,1.0,Positive,0.8172863721847534,Positive
KevaÅŸe lazanya ne aq,0.0,Neutral,0.0,Neutral,-0.3271343111991882,Negative
Kim Ã§evirdiuse allah belasÄ±nÄ± vermesin bÃ¼tÃ¼n tadÄ±nÄ± kaÃ§Ä±rmÄ±ÅŸ,-0.3612,Negative,0.0,Neutral,-0.5694989562034607,Negative
Yeshahh,0.0,Neutral,0.0,Neutral,0.3210600316524505,Neutral
I like pewdiepie and I am an indian,0.3612,Positive,0.0,Neutral,0.3871831595897674,Positive
hi is full ğŸ–•ğŸ–•ğŸ–•ğŸ–•ğŸ–•,0.0,Neutral,0.35,Positive,0.4905280172824859,Positive
every Bangladeshi and indian unsubcribe him,0.0,Neutral,0.0,Neutral,-0.5126030445098877,Negative
"""True legends never die until they do""
-Pewdiepie from the future",0.7137,Positive,0.175,Neutral,0.4213725924491882,Positive
"When PDP leaves his gaming set, thats how you know it's something tserious..",0.0,Neutral,0.0,Neutral,-0.3953545093536377,Negative
Pagal,0.0,Neutral,0.0,Neutral,0.3087099194526672,Neutral
hay,0.0,Neutral,0.0,Neutral,0.2685189843177795,Neutral
Just Got a VPN premium Subscription to listen this Masterpiece.,0.7073,Positive,0.0,Neutral,0.7205286622047424,Positive
Someone did remake,0.0,Neutral,0.0,Neutral,-0.3052098453044891,Negative
"sim, essa obra de arte foi feita durante uma guerra dos maiores canais do mundo, e o futuro nÃ£o conseguiu apreciar isso, mas nÃ³s sim.",-0.3025,Negative,0.0,Neutral,-0.4148435294628143,Negative
Nice,0.4215,Positive,0.6,Positive,0.4368410110473633,Positive
im hungry for lasagna now,0.0,Neutral,0.0,Neutral,0.2401347160339355,Neutral
"itâ€™s been almost 4yrs, and this STILL hasnâ€™t reached 500M-1B?!",0.1759,Positive,0.0,Neutral,-0.3246612846851349,Negative
doodoo pewdiepie,0.0,Neutral,0.0,Neutral,-0.3961802124977112,Negative
My 293rd day on listening to Bitch Lasagna.,-0.5859,Negative,0.0,Neutral,0.6050071120262146,Positive
i thought this had way more than 500m views deserves more ngl.,0.0,Neutral,0.5,Positive,-0.4406008720397949,Negative
Masterpiece,0.6249,Positive,0.0,Neutral,0.8278747200965881,Positive
fodase kkkkkkkkkkk ppreto,0.0,Neutral,0.0,Neutral,0.2635311484336853,Neutral
Hey!!! Its my lazanijağŸ˜,0.0,Neutral,0.0,Neutral,0.6646072268486023,Positive
yo best shirt of 2018,0.6369,Positive,1.0,Positive,0.944476842880249,Positive
why is the name in Russian?,0.0,Neutral,0.0,Neutral,-0.3793162405490875,Negative
Me getting this in recommended 2022,0.2023,Positive,0.0,Neutral,0.4919030666351318,Positive
Did anyone else get this in their reccomendation?,0.0,Neutral,0.0,Neutral,-0.368898868560791,Negative
Sub bot but true lol,0.8126,Positive,0.575,Positive,0.3710710704326629,Positive
its been 3 years lol,0.4215,Positive,0.8,Positive,-0.2816799283027649,Negative
I cant believe its been three years since then.,0.0,Neutral,0.0,Neutral,0.2475414127111435,Neutral
ok,0.296,Positive,0.5,Positive,0.4951144456863403,Positive
"This song is really cool!!!!!ğŸ‘ğŸ‘ğŸ‘ğŸ˜ğŸ˜ğŸ˜ğŸ˜ğŸ˜ğŸ¶ğŸ¶ğŸ¶. If I could, then I will like tho give you 1000 likes!!!",0.9721,Positive,0.390625,Positive,0.8165525794029236,Positive
this music is just exeptional,0.0,Neutral,0.6666666666666666,Positive,-0.6621412634849548,Negative
O,0.0,Neutral,0.0,Neutral,0.2750898897647857,Neutral
Kto z polski,0.0,Neutral,0.0,Neutral,-0.3047033548355102,Negative
Hello 2022 ers,0.0,Neutral,0.0,Neutral,0.4518538415431976,Positive
Polska,0.0,Neutral,0.0,Neutral,0.309183657169342,Neutral
"Cant believe this was 4 years ago damn




Bobs or vagana?â€¦",-0.4019,Negative,0.0,Neutral,-0.4998571574687958,Negative
*people 200 years later looking at youtube history:*,0.0,Neutral,0.0,Neutral,0.3112045526504516,Neutral
He got 11M subs ğŸ’€,0.0,Neutral,0.0,Neutral,0.3263399600982666,Neutral
i freaking love PewDiePie,0.34,Positive,0.5,Positive,0.5171605348587036,Positive
Still a fire song.,-0.34,Negative,0.0,Neutral,0.3077907860279083,Neutral
whoever dislikes this video is a t-series fan,-0.1027,Negative,0.0,Neutral,-0.3534708619117737,Negative
T- series x Lasanga new shippppppppppp,0.0,Neutral,0.1363636363636363,Neutral,0.5205978155136108,Positive
Next generation of kids will be very confused. Best content creator diss track.,0.4377,Positive,0.16,Neutral,0.796858549118042,Positive
0:30 Ğ¾Ğ³Ğ¾ ĞŸÑŒÑĞ´Ğ¸Ğ¿Ğ°Ğ¹ Ğ·Ğ½Ğ°ĞµÑ‚ Ğ²ĞµĞ»Ğ¸Ñ‡Ğ°Ğ¹ÑˆĞµĞ³Ğ¾)),0.8402,Positive,0.55,Positive,0.5985676050186157,Positive
Hello future,0.0,Neutral,0.0,Neutral,0.5205548405647278,Positive
My 292nd day on listening to Bitch Lasagna.,-0.5859,Negative,0.0,Neutral,0.5909873843193054,Positive
YouTube recommending this again? Nice!,0.4753,Positive,0.75,Positive,0.4827857911586761,Positive
Now we look back here and realize that T-series has almost double of the amount of subscribers from Pewdiepie,0.0,Neutral,0.0,Neutral,-0.3361802995204925,Negative
Sweet Anita ticced this and so now I'm here,0.4588,Positive,0.35,Positive,0.6736165881156921,Positive
My 291st day on listening to Bitch Lasagna.,-0.5859,Negative,0.0,Neutral,0.6552236676216125,Positive
"Bobs or vagana whichever will it be

-PewDiePie",0.0,Neutral,0.0,Neutral,0.2825967967510223,Neutral
Nostalgia,0.0,Neutral,0.0,Neutral,0.4865351915359497,Positive
Now they have more than twice his subs,0.0,Neutral,0.5,Positive,0.2638091444969177,Neutral
Sorry but itâ€™s looks like T series won,0.8462,Positive,-0.5,Negative,-0.4669116735458374,Negative
Be like,0.3612,Positive,0.0,Neutral,0.4368994832038879,Positive
Why is there American Sign Language in captions,0.0,Neutral,0.0,Neutral,-0.287350445985794,Negative
BITCH LAZANYAğŸ˜  TO T-SERIES,-0.368,Negative,0.0,Neutral,-0.4462546408176422,Negative
thanks youtube for reminding me of this,0.4404,Positive,0.2,Neutral,0.626040518283844,Positive
Beach Lasagna,0.0,Neutral,0.0,Neutral,0.2909575998783111,Neutral
I remember this battleâ€¦,0.0,Neutral,0.0,Neutral,0.713671863079071,Positive
the fucking memories lol,0.4728,Positive,0.1,Neutral,0.3185164332389831,Neutral
And then a Dantdm fan turned this into Dab lasagna,0.3182,Positive,0.0,Neutral,-0.4105693995952606,Negative
Still remember every line from this banger,0.0,Neutral,0.0,Neutral,0.566489040851593,Positive
We hate t series,-0.5719,Negative,-0.8,Negative,-0.4762872457504272,Negative
Tseries:Ã±,0.0,Neutral,0.0,Neutral,-0.2739343643188476,Negative
he was high when thinking of this song,0.0,Neutral,0.16,Neutral,-0.3146016001701355,Negative
And what nation you live in sucks and india wins,0.296,Positive,0.0454545454545454,Neutral,-0.4449883103370666,Negative
He sings trash and he just ate his bit*ch laganga and the way he dances bruh,0.0,Neutral,0.0,Neutral,-0.8277210593223572,Negative
Hate this song dudeperfect videos are way better,-0.2023,Negative,-0.15,Negative,-0.8771525621414185,Negative
2022 guy here,0.0,Neutral,0.0,Neutral,-0.2925123274326324,Negative
Bro Iâ€™m indian,0.0,Neutral,0.0,Neutral,0.2430223375558853,Neutral
Back here after 4 years,0.0,Neutral,0.0,Neutral,0.3602611124515533,Positive
Nostalgia and who else remembers dab lasagna,0.0,Neutral,0.0,Neutral,0.5538291931152344,Positive
damn.,-0.4019,Negative,0.0,Neutral,-0.3836316466331482,Negative
I really like this,0.4201,Positive,0.2,Neutral,0.6627264022827148,Positive
ğŸ‘ğŸ‘,0.0,Neutral,0.0,Neutral,0.3085779249668121,Neutral
"proof i was here to witness the old war and this masterpiece
lol
also listening to this again was the best 2 mins 14 seconds of the past year",0.802,Positive,0.4125,Positive,0.79950350522995,Positive
american sign language is the best caption,0.6369,Positive,0.5,Positive,0.8051348924636841,Positive
"like a shitt, gg",0.5719,Positive,0.0,Neutral,0.273985207080841,Neutral
holy shit chill the fuck out,-0.7964,Negative,-0.3,Negative,-0.8145481944084167,Negative
Biggest defamation of the century,0.0,Neutral,0.0,Neutral,-0.9494423270225524,Negative
Apple ğŸ‘Ÿ,0.0,Neutral,0.0,Neutral,0.4437614977359772,Positive
"Bro, screw Indian songs.

They are like poison in my ears and I can't even stand them (But this is just a Opinion of mine)",-0.1779,Negative,0.0,Neutral,-0.5202537178993225,Negative
"Just got this recommended to me by YouTube after so long, how nostalgic",0.25,Positive,-0.275,Negative,0.6568188071250916,Positive
T series is the worst and it is true,-0.3182,Negative,-0.325,Negative,-0.808538556098938,Negative
bajo jajo,0.1779,Positive,0.4,Positive,-0.3488255143165588,Negative
LEGENDARY!!!!!!!!,0.0,Neutral,1.0,Positive,0.8813026547431946,Positive
Legendary since day one,0.0,Neutral,1.0,Positive,0.8112409114837646,Positive
I wonder what the people are thinking,0.0,Neutral,0.0,Neutral,0.2876109778881073,Neutral
times when yt recomanded me this:4,0.2023,Positive,0.0,Neutral,0.5085145235061646,Positive
Ğ¾Ğ»Ğ´Ñ‹ Ğ½Ğ° Ğ¼ĞµÑÑ‚Ğµ,0.0,Neutral,0.0,Neutral,0.2854017913341522,Neutral
0:52 lasaÃ±a,0.0,Neutral,0.0,Neutral,-0.5225262641906738,Negative
1.2M comments,0.0,Neutral,0.0,Neutral,-0.2498894184827804,Negative
"The fuck..?! I almost forgot 'bout this song, untill one of my friends decided to share this...",0.2714,Positive,-0.5,Negative,-0.4691401124000549,Negative
We lost. But what a battle it was.,-0.6187,Negative,0.0,Neutral,0.232276901602745,Neutral
Pudidi song,-0.6289,Negative,-0.0769230769230769,Negative,0.256020575761795,Neutral
Gg,0.296,Positive,0.0,Neutral,0.2632448673248291,Neutral
My 290th day on listening to Bitch Lasagna.,-0.5859,Negative,0.0,Neutral,0.6190963983535767,Positive
This is a legendary piece of art,0.0,Neutral,1.0,Positive,0.8399256467819214,Positive
See yâ€™all in 20 years for the next war,-0.5994,Negative,0.0,Neutral,0.6183150410652161,Positive
How does it feel to know that current they have almost 100 million more subs then you,0.0,Neutral,0.25,Neutral,0.2324417531490326,Neutral
Just as funny now as it was almost 4 years ago.,0.4404,Positive,0.25,Neutral,0.7049936652183533,Positive
This made my day!ğŸ˜‚ğŸ˜‚ğŸ˜‚,0.8398,Positive,0.0,Neutral,0.7680674195289612,Positive
bruh so good,0.4927,Positive,0.7,Positive,0.5493509769439697,Positive
RECOMMEND IN 2022 :d,0.7603,Positive,0.0,Neutral,0.4166027903556824,Positive
Sá»‘ phá»¥ Ä‘á» nÃ y,0.0772,Positive,0.0,Neutral,0.2732328772544861,Neutral
pizza,0.0,Neutral,0.0,Neutral,0.3410927653312683,Positive
T-series CU,0.0,Neutral,0.0,Neutral,0.3193593323230743,Neutral
What the f***,0.0,Neutral,0.0,Neutral,-0.4895400106906891,Negative
This is a masterpiece,0.6249,Positive,0.0,Neutral,0.8322694897651672,Positive
HOW DO I BUY THESE MF SUNGLASSES!!!!>>!>!>!?!??!?!,0.0,Neutral,0.0,Neutral,0.3240107297897339,Neutral
when i heard pewdiepie song i went crazy,-0.34,Negative,-0.6,Negative,-0.4143290221691131,Negative
He even put Tamil isles on purpose is what makes me irated,0.0,Neutral,0.0,Neutral,-0.4275225400924682,Negative
Please donâ€™t put ğŸ‡®ğŸ‡³ in a bad Light,-0.296,Negative,-0.1499999999999999,Negative,-0.5958949327468872,Negative
me actually vibing to this song after 4 years,0.0,Neutral,0.0,Neutral,0.2566697001457214,Neutral
This will be an unforgetable war.,-0.5994,Negative,0.0,Neutral,-0.6641162633895874,Negative
Go on American Sign Language closed captions. You wonâ€™t be disappointed,-0.4767,Negative,-0.2833333333333333,Negative,-0.2979983687400818,Negative
Yooooooo that's a roast,0.0,Neutral,0.0,Neutral,-0.549824059009552,Negative
nearly 4 years latter and YouTube thinks this is what I want to see,0.0772,Positive,0.05,Neutral,0.5974099040031433,Positive
3 years later and this is still my jam.,0.0,Neutral,0.0,Neutral,0.7635694146156311,Positive
i cant stop listening to this its just too good,0.5842,Positive,0.7,Positive,-0.43324676156044,Negative
i always wonder if this is why everyone hates india ğŸ¤”,-0.4404,Negative,0.0,Neutral,0.3966724276542663,Positive
Poor LasagnağŸ˜¢,-0.7351,Negative,-0.4,Negative,-0.582179605960846,Negative
Lasagna b**** lasagna b**** lasagna,0.0,Neutral,0.0,Neutral,-0.3541012108325958,Negative
after 3 years people understood the power of 1.3 billion mf ing ppl ğŸ˜â™¥ï¸ğŸ‡®ğŸ‡³,0.802,Positive,0.0,Neutral,-0.4362033009529114,Negative
I like you,0.3612,Positive,0.0,Neutral,0.4749952554702759,Positive
I learn my English from this video,0.0,Neutral,0.0,Neutral,0.4247710406780243,Positive
LoL,0.4215,Positive,0.8,Positive,0.2506950199604034,Neutral
why is this song actually a bop tho,0.0,Neutral,0.0,Neutral,-0.5933481454849243,Negative
Best song ever,0.6369,Positive,1.0,Positive,0.9553784728050232,Positive
p**** lasagna p****** lasagna,0.0,Neutral,0.0,Neutral,-0.4478901922702789,Negative
CYCLON-B TO T-SERIES,0.0,Neutral,0.0,Neutral,0.2963430285453796,Neutral
MRBEAST LOVES IT/TSERIES HATES IT!,0.2714,Positive,0.0,Neutral,0.6412484645843506,Positive
Ğ›ĞµĞ³ĞµĞ½Ğ´Ğ°Ñ€Ğ½Ğ¾Ğµ Ğ²Ğ¸Ğ´ĞµĞ¾,0.0,Neutral,1.0,Positive,0.6833119988441467,Positive
Halo Polska ktoÅ› Å¼yje jeszcze xd ?,0.3818,Positive,0.1,Neutral,0.2966576814651489,Neutral
YES.,0.4019,Positive,0.0,Neutral,0.2993093132972717,Neutral
ä¸ºä»€ä¹ˆæ ‡é¢˜ä¼šæ˜¯ä¸­æ–‡ï¼Ÿ,0.0,Neutral,0.0,Neutral,-0.3118791878223419,Negative
ah im here again,0.0,Neutral,0.0,Neutral,0.4476140141487121,Positive
"Life was good when this song came out
Miss these days :(",-0.1531,Negative,-0.025,Negative,0.2919639647006988,Neutral
Damn this song has all subtitles ğŸ˜‚,0.0516,Positive,0.0,Neutral,-0.6747190356254578,Negative
yen a hate t series &@%,-0.5719,Negative,-0.8,Negative,-0.5370609760284424,Negative
2020 me being outraged at my enemy for dominating me,-0.8481,Negative,-0.9,Negative,0.4508210718631744,Positive
Good,0.4404,Positive,0.7,Positive,0.4969631731510162,Positive
this deserves more likes than rickroll,0.4754,Positive,0.5,Positive,0.4363763332366943,Positive
Pewds literally broke the internet with this masterpiece,0.4723,Positive,0.0,Neutral,-0.5125735998153687,Negative
evening,0.0,Neutral,0.0,Neutral,0.3068317472934723,Neutral
No way he said that 1:06,-0.296,Negative,0.0,Neutral,-0.7034504413604736,Negative
Gg,0.296,Positive,0.0,Neutral,0.2632448673248291,Neutral
When I was like 11 or 12 I never realized how homophobic the lyrics actually are but I also hear things better now lol,0.8519,Positive,0.4333333333333333,Positive,0.3233392834663391,Neutral
can someone give me context?,0.0,Neutral,0.0,Neutral,-0.2675499618053436,Negative
This is actually sick bro! ğŸ˜‚,-0.1759,Negative,-0.8928571428571429,Negative,-0.8139011263847351,Negative
I was 4 i start watch PewDiePie,0.0,Neutral,0.0,Neutral,-0.2320990860462188,Negative
To go am,0.0,Neutral,0.0,Neutral,0.3004400432109833,Neutral
Who ever else is listening to this in 2022 is a real legend,0.0,Neutral,0.2,Neutral,0.7832079529762268,Positive
BALLZ,0.0,Neutral,0.0,Neutral,0.2880571782588959,Neutral
This is my favorite era,0.4588,Positive,0.5,Positive,0.8757275342941284,Positive
"In 2022 the
His has 303M views lmao",0.5994,Positive,0.6,Positive,-0.2720845639705658,Negative
"There is a Spotify one which is higher pitched made by Dylan Locke and that to me is where its at. It has that vibe to it, makes it like peuds is about to destroy T series.... Don't get me wong PewDiePie has done amazing work here but Dylan Locke has done an amazing take on it.",0.7964,Positive,0.3125,Neutral,0.3078850209712982,Neutral
I know this is 3 years ago but this feels nostalgic,0.0,Neutral,-0.5,Negative,0.416249930858612,Positive
Havenâ€™t seen this in my recommended for a whileâ€¦,0.2023,Positive,0.0,Neutral,0.2820337116718292,Neutral
"yes it's better to rarely upload but millions of views, you amazing PewDiePie",0.8402,Positive,0.4666666666666667,Positive,0.3016613721847534,Neutral
This shit is clean,-0.2263,Negative,0.0833333333333333,Neutral,0.5861371755599976,Positive
the ASL translation of this makes the entire experience 1000000 times funnier,0.4019,Positive,0.0,Neutral,0.5823467969894409,Positive
I love T-Series so much he got more subscribers than PewDiePie,0.6369,Positive,0.3999999999999999,Positive,0.7653601765632629,Positive
I wish pewds was number one againğŸ˜”,0.5106,Positive,0.0,Neutral,0.2447351366281509,Neutral
This is an amazing song but if u vqn somehow make a super remix this is fucking amazing,0.937,Positive,0.5111111111111112,Positive,0.3710852265357971,Positive
Lol,0.4215,Positive,0.8,Positive,0.2506950199604034,Neutral
everyone stand up for the YouTube anthem,0.0,Neutral,0.0,Neutral,0.4658805131912231,Positive
ğŸ˜ğŸ˜ğŸ˜ğŸ˜ğŸ˜ğŸ‘,0.9325,Positive,0.0,Neutral,0.3085779249668121,Neutral
ğŸ˜‘,0.0,Neutral,0.0,Neutral,0.3085779249668121,Neutral
"""teef lasagne""",-0.5859,Negative,0.0,Neutral,0.266666442155838,Neutral
Damn its been almost 4 years. I still remember the greatest youtube war like it was yesterday.,0.0258,Neutral,1.0,Positive,-0.3641968071460724,Negative
303 Million Views In Three Years,0.0,Neutral,0.0,Neutral,0.5119661092758179,Positive
Gotta admit I enjoy those old times of war between the corporate against a single man,0.0258,Neutral,0.1071428571428571,Neutral,0.5336852073669434,Positive
Mama,0.0,Neutral,0.0,Neutral,0.2392323017120361,Neutral
ĞĞĞ—Ğ’ĞĞĞ˜Ğ• ĞĞ Ğ Ğ£Ğ¡Ğ¡ĞšĞĞœ,0.0,Neutral,0.0,Neutral,0.2809321284294128,Neutral
Leaving a comment to prove that I was alive to see this war.,-0.4633,Negative,0.1,Neutral,0.2766273915767669,Neutral
This legend trow childhood yu gi yo line,0.0,Neutral,0.0,Neutral,0.576698899269104,Positive
Your enemy itâ€™s not T series for T series is next you need to pass Cocomelon first,-0.5423,Negative,0.125,Neutral,-0.4886668622493744,Negative
"ĞšĞ¾Ñ€Ğ¾Ñ‡Ğµ, Ñ Ñ‚Ğ¾Ğ»ÑŒĞºĞ¾ Ñ‡Ñ‚Ğ¾ ÑÑŠĞµĞ» Ğ¾Ñ‡ĞµĞ½ÑŒ Ğ²ĞºÑƒÑĞ½ÑƒÑ Ğ¿Ğ¾Ğ»ÑŒÑĞºÑƒÑ Ğ»Ğ°Ğ¿ÑˆÑƒ Ğ±Ñ‹ÑÑ‚Ñ€Ğ¾Ğ³Ğ¾ Ğ¿Ñ€Ğ¸Ğ³Ğ¾Ñ‚Ğ¾Ğ²Ğ»ĞµĞ½Ğ¸Ñ Ñ ÑÑƒÑ…Ğ°Ñ€ÑĞ¼Ğ¸,ÑÑ‹Ñ€Ğ¾Ğ¼ Ğ¸ ÑĞ¾ÑĞ¸ÑĞºĞ¾Ğ¹, Ğ±Ñ‹Ğ»Ğ¾ Ğ¾Ñ‡ĞµĞ½ÑŒ Ğ²ĞºÑƒÑĞ½Ğ¾",0.0,Neutral,0.1,Neutral,0.38922119140625,Positive
I didn't even realise that it was posted on my birthdayğŸ™ƒ,0.0,Neutral,0.0,Neutral,-0.3222830593585968,Negative
"don't worry guys, mrbeast will beat t-series for pewdiepie",0.3412,Positive,0.0,Neutral,0.3541968166828155,Positive
3 years ago...,0.0,Neutral,0.0,Neutral,0.2346623688936233,Neutral
Cocomelon dis track when?,0.0,Neutral,0.0,Neutral,-0.3459250032901764,Negative
1000 VIDEOS MUSIC T-SEIRES FORA SONG,0.0,Neutral,0.0,Neutral,-0.4159336388111114,Negative
Agora vocÃª estÃ¡ em um desafio se vocÃª nÃ£o mandar essa mensagem para 100 mil pessoas vocÃª ira morrer por um serial killerğŸŒ,-0.836,Negative,0.0,Neutral,-0.5984541773796082,Negative
T series does actually suck I have to say,-0.4404,Negative,0.0,Neutral,-0.4978457987308502,Negative
Dude weâ€™re getting old. This was 4 years ago,0.0,Neutral,0.1,Neutral,-0.3843448758125305,Negative
Great,0.6249,Positive,0.8,Positive,0.741083025932312,Positive
When did i start watching this master piece ğŸ˜µ,-0.2263,Negative,0.0,Neutral,0.3060074746608734,Neutral
This song will be here for ever. No matter what happens. Pandemics or Wars. We are always standing against T-Series.,-0.5682,Negative,0.0,Neutral,0.7923567295074463,Positive
2022,0.0,Neutral,0.0,Neutral,0.2900533974170685,Neutral
Very goot,0.0,Neutral,0.2,Neutral,0.2549788355827331,Neutral
WoW,0.5859,Positive,0.1,Neutral,0.6995608806610107,Positive
O pewdipie u made this?,0.0,Neutral,0.0,Neutral,-0.3016139566898346,Negative
I sometimes get this song stuck in my head for no reason,-0.4939,Negative,0.0,Neutral,-0.2940589785575866,Negative
"Teef Lasange

And Translate Turkish "" Shush "" to english",0.0,Neutral,0.0,Neutral,-0.2821290194988251,Negative
Amazing song...epic war it wasğŸ˜‚,0.4215,Positive,0.6000000000000001,Positive,0.8269726634025574,Positive
A classic,0.0,Neutral,0.1666666666666666,Neutral,0.6505982279777527,Positive
Pewdiepie is most subscribed chanel in my subscription,0.0,Neutral,0.5,Positive,0.4268713295459747,Positive
My Past Self,0.0,Neutral,-0.25,Negative,0.5214187502861023,Positive
Sorry,-0.0772,Negative,-0.5,Negative,-0.5370847582817078,Negative
ë…¸ë˜ë§Œí¼ì€ ì˜í•œë‹¤ ã„·ã„·,0.4404,Positive,0.7,Positive,0.3756817281246185,Positive
My wife is sick of me playing it on Spotify ğŸ˜†,0.0,Neutral,-0.7142857142857143,Negative,-0.2733851969242096,Negative
"Ah yes.
Remember me and my friends vibing to this hit... Wait- *I have no friends.*",0.5017,Positive,0.0,Neutral,-0.2980612516403198,Negative
The epic war everyone remembered,-0.5994,Negative,0.1,Neutral,0.707685112953186,Positive
i can't believe pewds lost after this master piece,0.7237,Positive,0.0,Neutral,-0.3273818492889404,Negative
Tseries is better than pewdiepie at least they have better music,0.7003,Positive,0.2333333333333333,Neutral,0.4407919645309448,Positive
"Hajhitla ,jawol",0.0,Neutral,0.0,Neutral,-0.3533770143985748,Negative
"""lasanha de vadia""",-0.5859,Negative,0.0,Neutral,0.2352089583873748,Neutral
I canâ€™t ğŸ¤©ğŸ¤©,0.0,Neutral,0.0,Neutral,0.2653056979179382,Neutral
My god PewdiepieğŸ¤© Iâ€™m deadğŸ’€,-0.4939,Negative,0.0,Neutral,0.7480726838111877,Positive
"This song makes me proud of being Indian, I'm not even Indian.",0.4767,Positive,0.8,Positive,0.6515666842460632,Positive
Lol the captions include American Sign Language ğŸ˜‚ğŸ˜‚ğŸ˜‚,0.8885,Positive,0.4,Positive,-0.3027046024799347,Negative
It starts saying it ay 00:38,0.0,Neutral,0.0,Neutral,-0.3910587728023529,Negative
It's been years,0.0,Neutral,0.0,Neutral,0.2876990139484405,Neutral
"ready for english teachers in 30 years to ask for a 5 page essay explaining the theme and meaning of the symbol ""bitch lasagna""",-0.3182,Negative,0.1,Neutral,0.3930363655090332,Positive
Its 2022 and it still my favorite song,0.4588,Positive,0.5,Positive,0.7979705333709717,Positive
the best song ever,0.6369,Positive,1.0,Positive,0.9543907642364502,Positive
"How many times pewdiepie said bitch

ğŸ‘‡",-0.5859,Negative,0.5,Positive,-0.552711009979248,Negative
Itâ€™s been so long but this song still slaps,0.0,Neutral,-0.05,Negative,-0.3498480021953583,Negative
this is artğŸ˜¶â€ğŸŒ«ï¸,0.0,Neutral,0.0,Neutral,0.5553911924362183,Positive
I like how the internet went through all of this just to see him lose in the end lmfao,0.5106,Positive,0.0,Neutral,0.4316308796405792,Positive
12,0.0,Neutral,0.0,Neutral,0.386008620262146,Positive
My 289th day on listening to Bitch Lasagna.,-0.5859,Negative,0.0,Neutral,0.6189844608306885,Positive
robi wraÅ¼enie 2022,0.2263,Positive,0.0,Neutral,0.5218822956085205,Positive
T-series .d,0.0,Neutral,0.0,Neutral,0.2624902427196502,Neutral
holy crap i ca n actually read the title in my languange for once also pewdiepie ik im late but why did you choose this languange,-0.2023,Negative,-0.3666666666666667,Negative,-0.9549925923347472,Negative
ĞšÑ€ÑƒÑ‚Ğ¾,0.3182,Positive,0.35,Positive,-0.458411306142807,Negative
12M LIKES BRO!,0.4753,Positive,0.0,Neutral,0.2597611546516418,Neutral
Milion juÅ¼ nie  najpopularniejszy kanaÅ‚ Yt,-0.3713,Negative,0.55,Positive,-0.3004066050052643,Negative
this just appeared on my recommended. Iâ€™m crying bye,-0.3182,Negative,-0.2,Negative,0.3957225084304809,Positive
Who watching this 2022,0.0,Neutral,0.0,Neutral,0.3911125957965851,Positive
This still slaps 3 years layer,0.0,Neutral,0.0,Neutral,-0.3327884972095489,Negative
lol,0.4215,Positive,0.8,Positive,0.2506950199604034,Neutral
I can't believe YouTube recommended me this,-0.1511,Negative,0.0,Neutral,0.3783198893070221,Positive
W T-seris,0.0,Neutral,0.0,Neutral,0.3605878055095672,Positive
Hello 2030,0.0,Neutral,0.0,Neutral,0.4961434602737427,Positive
Best thing about this video is that the video caption is automatically in hindiğŸ˜¶,0.6369,Positive,1.0,Positive,0.4575797021389007,Positive
Make this the most like video,0.4201,Positive,0.5,Positive,0.8380841612815857,Positive
When i feel bad i listen to this song,-0.5423,Negative,-0.6999999999999998,Negative,0.3908839821815491,Positive
I agree,0.3612,Positive,0.0,Neutral,0.2849160134792328,Neutral
"Understand: 0.1%.                 

Enjoy:99.9",0.0,Neutral,0.0,Neutral,-0.3211621046066284,Negative
HOLY SH*T!! NO DISLIKES!!?!?? THIS SONG IS EPIC THEN,0.608,Positive,0.1,Neutral,0.622551679611206,Positive
Why they recommended me this tf,0.2023,Positive,0.0,Neutral,0.5152782797813416,Positive
Who's here on 2022,0.0,Neutral,0.0,Neutral,0.3252750337123871,Neutral
pls give this comment 69k likes,0.4767,Positive,0.0,Neutral,-0.3269104063510895,Negative
Hey tu non insultare le lasagne perchÃ¨ io sono italiano,0.4023,Positive,0.0,Neutral,0.3122343719005584,Neutral
my guy went all out and added Indian subtitles ğŸ’€ğŸ’€,0.0,Neutral,0.0,Neutral,-0.4106257557868957,Negative
Lol,0.4215,Positive,0.8,Positive,0.2506950199604034,Neutral
Comeback is coming... YouTube has streaming rules. Make sure you know them. Let's make EVERY SINGLE view count this time & stop the mass deletions,0.0258,Neutral,0.2142857142857143,Neutral,-0.302241563796997,Negative
Fortinait le babaji,0.0,Neutral,0.0,Neutral,0.3738469183444977,Positive
"honestly i feel bad for t-series cos he dedicated his life to continue his father's legacy. his father earned lots of money then someone got jealous and.. ""put ketchup on his chest and he passed away. so t-series is now successful, this is just not right man sorry to say",0.5457,Positive,0.0014285714285714,Neutral,-0.4050504565238952,Negative
Garbitch is t series,0.0,Neutral,0.0,Neutral,0.26567143201828,Neutral
*can't wait for Joergen to see this*,0.0,Neutral,0.0,Neutral,0.280734121799469,Neutral
ncnxc,0.0,Neutral,0.0,Neutral,0.2512345314025879,Neutral
i have more real sub then t series,0.0,Neutral,0.35,Positive,0.3352377116680145,Positive
"LoL  this war is gone over

but...

i still this song",-0.1406,Negative,0.8,Positive,-0.2297126501798629,Negative
Youtube decided I should watch this,0.0,Neutral,0.0,Neutral,-0.2811982333660126,Negative
And I am surprised T -series never replied,0.2263,Positive,0.1,Neutral,-0.4232639372348785,Negative
Do you need back up from Mr beast again,0.0,Neutral,0.0,Neutral,0.3116485178470611,Neutral
"Chá»‰ cáº§n Äá»©c PhÃºc hÃ¡t ballad thÃ¬ dÃ¹ buá»“n hay vui ÄP cÅ©ng truyá»n táº£i cáº£m xÃºc cá»§a bÃ i hÃ¡t ráº¥t tá»‘t. BÃ i buá»“n thÃ¬ nghe Ä‘Ãºng kiá»ƒu tá»± sá»±, Ä‘au khá»•, nghe lÃ  muá»‘n khÃ³c. CÃ²n bÃ i vui thÃ¬ láº¡i nháº¹ nhÃ ng, áº¥m Ã¡p, chÃ¢n thÃ nh nghe lÃ  muá»‘n yÃªuâ¤ï¸",0.8913,Positive,0.245,Neutral,0.392768383026123,Positive
T-series is real shit,-0.5574,Negative,-0.3,Negative,-0.7151663899421692,Negative
I knew I'd be back again,0.0,Neutral,0.0,Neutral,-0.3157558739185333,Negative
"Back after 3 years, all the great memories",0.6249,Positive,0.4,Positive,0.8074877858161926,Positive
Letâ€™s just say he put so much effort I felt strong after this song,0.5106,Positive,0.3166666666666666,Neutral,0.588833749294281,Positive
ĞœĞ¾Ğ½Ğ³Ğ¾Ğ» America,0.0,Neutral,0.0,Neutral,0.2308186292648315,Neutral
This is a legend,0.0,Neutral,0.0,Neutral,0.7616097927093506,Positive
I like how the captions literally has every language in existence,0.3612,Positive,0.0,Neutral,0.5239867568016052,Positive
here in 2022??,0.0,Neutral,0.0,Neutral,-0.4313605427742004,Negative
still better than half the shit kids listen to now,0.7845,Positive,0.0444444444444444,Neutral,0.4370004534721374,Positive
iconic,0.0,Neutral,0.5,Positive,0.7523034811019897,Positive
?,0.0,Neutral,0.0,Neutral,-0.3614960610866546,Negative
2022â¤ï¸,0.0,Neutral,0.0,Neutral,0.3085779249668121,Neutral
Hi!,0.0,Neutral,0.0,Neutral,-0.3186967074871063,Negative
Bro it's 2022 and it's still recommend by yt,0.3612,Positive,0.0,Neutral,0.4209845960140228,Positive
Yes,0.4019,Positive,0.0,Neutral,0.3790786862373352,Positive
i was apart of this war :),-0.3869,Negative,0.5,Positive,0.3938517868518829,Positive
"This still a banger, forever will be. A peice of history",0.0,Neutral,0.0,Neutral,0.7342233657836914,Positive
Trash diss track,0.0,Neutral,0.0,Neutral,-0.7848007678985596,Negative
Back to this masterpiece! Lets f ing go,0.7325,Positive,0.0,Neutral,0.8620008826255798,Positive
I don't like t series too,-0.2755,Negative,0.0,Neutral,-0.450465053319931,Negative
Now t series is 100M forward than PewDiePie lolğŸ˜‚,0.6908,Positive,0.0,Neutral,0.3230694830417633,Neutral
recommandation 2022,0.0,Neutral,0.0,Neutral,0.453702449798584,Positive
Will we make the most popular comment under the legendary video about the legendary battle?,0.1263,Positive,0.775,Positive,0.362423837184906,Positive
POR FAVOR QUE HITAZO VUELVO UNA VEZ POR MES,0.3182,Positive,0.0,Neutral,-0.3093948364257812,Negative
Ayn,0.0,Neutral,0.0,Neutral,0.2462983131408691,Neutral
Ooooooo,0.0,Neutral,0.0,Neutral,-0.2678966522216797,Negative
bo ba ba ba po,-0.5574,Negative,0.0,Neutral,0.3768950700759887,Positive
The ultimate roast,0.0,Neutral,0.0,Neutral,-0.4542860984802246,Negative
