Comment,Vader score,Vader label,TextBlob score,TextBlob label,BERT score,BERT label
fuck yea   songs  still kicks ass 2022,-0.7906,Negative,-0.4,Negative,-0.6686939597129822,Negative
11 years started by this masterpiece â¤ï¸,0.7073,Positive,0.0,Netural,0.7939631342887878,Positive
11 year's later still here ğŸ‰,0.4019,Positive,0.0,Netural,0.3705611824989319,Positive
2022 never getting old this songğŸ”¥,-0.34,Negative,0.1,Netural,0.31770071387290955,Netural
"It took me 11 years to realize the concept and location of the video dude is in his hometown Detroit standing on the edge of a skyscraper....no harness, no saftynet...walking through traffic and shit. ğŸ¤£ i guess dude aint afraid fr.",-0.3818,Negative,-0.4,Negative,-0.34906110167503357,Negative
12 years later still the Best Eminems the goat.,0.6369,Positive,0.5,Positive,0.8045513033866882,Positive
newer rappers can't even touch this,0.0,Neutral,0.0,Netural,-0.49551084637641907,Negative
"NOT AFRAID LYRICS 

I'm not afraid (I'm not afraid)
Yeah
To take a stand (to take a stand)
It's been a ride
Everybody (everybody)
I guess I had to go to that place
Come take my hand (come take my hand)
To get to this one
We'll walk this road together, through the storm
Now some of you might still be in that place
Whatever weather, cold or warm
If you're tryna get out (just lettin' you know that you're not alone)
Just follow me (holla if you feel like you've been down the same road)
I'll get you there

You can try and read my lyrics off of this paper before I lay 'em
But you won't take the sting out these words before I say 'em
'Cause ain't no way I'ma let you stop me from causin' mayhem
When I say I'm a do somethin', I do it
I don't give a damn what you think
I'm doin' this for me, so fuck the world, feed it beans
It's gassed up, if it thinks it's stoppin' me
I'ma be what I set out to be, without a doubt, undoubtedly
And all those who look down on me, I'm tearin' down your balcony
No if, ands or buts, don't try to ask him why or how can he
From ""Infinite"" down to the last ""Relapse"" album he's still shittin'
Whether he's on salary, paid hourly, until he bows out or he shits his bowels out of him
Whichever comes first, for better or worse
He's married to the game, like a fuck you for Christmas
His gift is a curse, forget the Earth, he's got the urge to pull his dick from the dirt
And fuck the whole universe

I'm not afraid (I'm not afraid)
To take a stand (to take a stand)
Everybody (everybody)
Come take my hand come (come take my hand)
We'll walk this road together, through the storm
Whatever weather, cold or warm
Just lettin' you know that you're not alone
Holla if you feel like you've been down the same road

Okay, quit playin' with the scissors and shit, and cut the crap
I shouldn't have to rhyme these words in the rhythm for you to know it's a wrap
You said you was king
You lied through your teeth, for that, fuck your feelings
Instead of gettin' crowned you're gettin' capped, and to the fans
I'll never let you down again, I'm back
I promise to never go back on that promise
In fact, let's be honest, that last ""Relapse"" CD was eh
Perhaps I ran them accents into the ground
Relax, I ain't goin' back to that now
All I'm tryna say is get back, click-clack, blaow, 'cause I ain't playin' around
There's a game called circle and I don't know how
I'm way too up to back down
But I think I'm still tryna figure this crap out
Thought I had it mapped out but I guess I didn't, this fuckin' black cloud
Still follows me around but it's time to exercise these demons
These muh'fuckers are doin' jumpin' jacks now

I'm not afraid (I'm not afraid)
To take a stand (to take a stand)
Everybody (everybody)
Come take my hand come (come take my hand)
We'll walk this road together, through the storm
Whatever weather, cold or warm
Just lettin' you know that you're not alone
Holla if you feel like you've been down the same road

And I just can't keep living this way
So starting today
I'm breaking out of this cage
I'm standing up, I'ma face my demons
I'm manning up, I'ma hold my ground
I've had enough, now I'm so fed up
Time to put my life back together right now (now)

It was my decision to get clean, I did it for me
Admittedly, I probably did it subliminally for you
So I could come back a brand new me, you helped see me through
And don't realize what you did, ('cause) believe me you
I been through the wringer, but they could do little to the middle finger
I think I got a tear in my eye, I feel like the king of
My world, haters can make like bees with no stingers and drop dead
No more beef lingers, no more drama from now on
I promise to focus solely on handlin' my responsibilities as a father
So I solemnly swear to always treat this roof like my daughters and raise it
You couldn't lift a single shingle on it, 'cause the way I feel
I'm strong enough to go to the club or the corner pub
And lift the whole liquor counter up 'cause I'm raising the bar
I'd shoot for the moon but I'm too busy gazin' at stars, I feel amazing and I'm not

I'm not afraid (I'm not afraid)
To take a stand (to take a stand)
Everybody (everybody)
Come take my hand come (come take my hand)
We'll walk this road together, through the storm
Whatever weather, cold or warm
Just lettin' you know that you're not alone
Holla if you feel like you've been down the same road",0.9713,Positive,-4.8851611351618855e-05,Negative,-0.3584854006767273,Negative
Legend still listening â¤â¤â¤â¤â¤,0.9719,Positive,0.0,Netural,0.5290752649307251,Positive
I'm here,0.0,Neutral,0.0,Netural,0.47841548919677734,Positive
5:40  01.05.2022 :D,0.6166,Positive,1.0,Positive,-0.4915161728858948,Negative
2022ğŸ¤Ÿ,0.0,Neutral,0.0,Netural,0.30857792496681213,Netural
11 years still here....... 2022 right hereğŸ¤,0.0,Neutral,0.2857142857142857,Netural,0.6193823218345642,Positive
2015 . 2022 . That's song have good memories ğŸ¥ºğŸ˜”,0.4939,Positive,0.7,Positive,0.359329491853714,Positive
"government. Security clearance vetting is another important function for the NZSIS.
The NZSIS works with the GCSB to ensure the NZIC's protective security measures are an
exemplar of both national and international standards. These efforts ensure New Zealand's
most sensitive information, facilities, and assets are adequately protected.
Access to highly classified information comes with a significant degree of responsibility and trust.",0.9552,Positive,0.25058712121212123,Netural,0.5377527475357056,Positive
The best ğŸ’¯ğŸ’«,0.5106,Positive,1.0,Positive,0.9102557897567749,Positive
2022 still the best rapperğŸ™ğŸ‘,0.6369,Positive,1.0,Positive,0.8395491242408752,Positive
30.04.2022. Love you Em ğŸ’•,0.8591,Positive,0.5,Positive,0.7058899402618408,Positive
2022  may still listening to this masterpiece..,0.7073,Positive,0.0,Netural,0.5150244235992432,Positive
hes poo,0.0,Neutral,0.0,Netural,0.30438432097435,Netural
someone in 2022?,0.0,Neutral,0.0,Netural,-0.452670693397522,Negative
â™¥ï¸â™¥ï¸â™¥ï¸â™¥ï¸â™¥ï¸,0.9719,Positive,0.0,Netural,0.28061437606811523,Netural
Best song of this decade,0.6369,Positive,1.0,Positive,0.8923805952072144,Positive
Not afraid for my own new start n new explorations n new beginnings. ğŸ’¯ğŸ’¯ğŸ’¯ğŸ’¯â¤ï¸â¤ï¸â¤ï¸,0.0772,Positive,0.2618181818181817,Netural,0.5174159407615662,Positive
2022ğŸ™‹â€â™‚ï¸,0.0,Neutral,0.0,Netural,0.30857792496681213,Netural
ğŸ‘‘ğŸ‘‘ğŸ‘‘ğŸ‘‘ğŸ‘‘ğŸ‘‘ğŸ‘‘ğŸ‘‘ğŸ‘‘ğŸ‘‘ğŸ‘‘ğŸ‘‘ğŸ‘‘ğŸ‘‘ğŸ‘‘ğŸ‘‘,0.0,Neutral,0.0,Netural,0.30857792496681213,Netural
"ĞŸĞ¾Ñ‡ĞµĞ¼Ñƒ Ğ½Ñƒ Ğ¿Ğ¾Ñ‡ĞµĞ¼Ñƒ ÑÑ‚Ğ° Ğ¿ĞµÑĞ½Ñ Ñ‚Ğ°ĞºĞ°Ñ ĞºÑ€ÑƒÑ‚Ğ°Ñ,Ñ Ñ€ĞµĞ°Ğ»ÑŒĞ½Ğ¾ Ğ½Ğµ Ğ¼Ğ¾Ğ³Ñƒ Ğ½Ğ°ÑĞ»ÑƒÑˆĞ°Ñ‚ÑŒÑÑ Ğ½Ñƒ Ğ¿Ñ€ÑĞ¼ ÑĞ»Ğ¸ÑˆĞºĞ¾Ğ¼ ĞºÑ€ÑƒÑ‚Ğ° Ğ¼Ğ¾Ñ‚Ğ¸Ğ²Ğ¸Ñ€ÑƒÑÑ‰Ğ°Ñ Ğ±Ğ¾Ğ¼Ğ±ĞµĞ·Ğ½Ğ°Ñ Ğ²Ğ·Ñ€Ñ‹Ğ²Ğ½Ğ°Ñ Ğ¼ÑƒĞ·Ñ‹ĞºĞ°Ğ»ÑŒĞ½Ğ°Ñ Ğ½ĞµĞ²ĞµÑ€Ğ¾ÑÑ‚Ğ½Ğ¾ ĞºÑ€ÑƒÑ‚Ğ°Ñ Ğ¿ĞµÑĞ½Ñ,Ğ½Ñƒ Ğ¿Ñ€ÑĞ¼ Ğ¾Ñ‡ĞµĞ½ÑŒ ÑĞ¸Ğ»ÑŒĞ½Ğ¾ ÑÑ‚Ğ° Ğ»ÑƒÑ‡ÑˆĞ°Ñ Ğ¿ĞµÑĞ½Ñ Ğ­Ğ¼Ğ¸Ğ½ĞµĞ¼Ğ° Ğ¸ ĞºĞ°Ğº Ğ¿Ğ¾ Ğ¼Ğ½Ğµ Ğ¾Ğ½Ğ° Ğ²Ñ…Ğ¾Ğ´Ğ¸Ñ‚ Ğ² 5 Ğ»ÑƒÑ‡ÑˆĞ¸Ñ… Ğ¿ĞµÑĞµĞ½ Ğ¼Ğ¸Ñ€Ğ°,Ğ½Ñƒ Ğ¿Ñ€Ğ¾ÑÑ‚Ğ¾ Ğ´Ğ¸ĞºĞ¾ Ğ¸Ğ¼Ğ±Ğ¾Ğ²Ğ°Ñ Ğ¿ĞµÑĞ½",0.9718,Positive,0.37222222222222223,Positive,-0.5558531284332275,Negative
abel _+,0.0,Neutral,0.0,Netural,0.309724360704422,Netural
Gg,0.296,Positive,0.0,Netural,0.2632448673248291,Netural
I hope one day future generations can start making music this good again.,0.7411,Positive,0.35,Positive,0.4574320316314697,Positive
Awesome,0.6249,Positive,1.0,Positive,0.830653965473175,Positive
2022 trending in shortsğŸ˜ğŸ˜ğŸ˜ˆğŸ˜ˆğŸ˜ˆ,0.9325,Positive,0.0,Netural,0.3285142183303833,Netural
"It should help people to know why anything visual is considered important such as planetary Influence on products why for instance this video is blue and through UV light it comes out really loving 
Why NASA is important as an investigative unit 

What Color are the Planets?

Mercury â€“ Grey.

Venus â€“ Brown and grey.

Earth â€“ Blue, brown green and white.

Mars â€“ Red, brown and tan.

Jupiter â€“ Brown, orange and tan, with white cloud stripes.

Saturn â€“ Golden, brown, and blue-grey.

Uranus â€“ Blue-green.

Neptune â€“ Blue",0.8718,Positive,0.11249999999999999,Netural,0.352295845746994,Positive
THIS IS NOT THE ORIGINAL VIDEO!  PAY ATTENTION PEOPLE!  SAME AS MOVIES.  THEY CHANGE AND ADD $HIT YEAR AFTER YEAR!  The also added BEATS BY DRE banners to the video.  THEY ARE EVIL.  PAY ATTENTION!  YOU ARE BEING MANIPULATED AND BRAINWASHED.,-0.9469,Negative,-0.13802083333333334,Negative,-0.8905864953994751,Negative
2022?,0.0,Neutral,0.0,Netural,-0.3836294710636139,Negative
Im here again after 11 yearğŸ˜Š,0.7184,Positive,0.0,Netural,-0.4010591506958008,Negative
2022 who's here?,0.0,Neutral,0.0,Netural,-0.31049689650535583,Negative
ã‚¿ãƒŠãƒ¤ã‚¹,0.0,Neutral,0.0,Netural,0.2594605088233948,Netural
07,0.0,Neutral,0.0,Netural,0.31396135687828064,Netural
Nba2k14,0.0,Neutral,0.0,Netural,0.2988860309123993,Netural
"not afraid to take
the risk for demone
expect love with someone
joy for children of heaven
i will take ur enemy for hell
paparazi is not ur killer
they will be cached by the soul killer",0.0624,Positive,0.5333333333333333,Positive,-0.31298694014549255,Negative
11years jeez!!!,0.0,Neutral,0.0,Netural,-0.6188251972198486,Negative
11 year letter then coming and dead ğŸ’€,-0.6486,Negative,-0.2,Negative,-0.49707865715026855,Negative
1.6 billion people are not afraid ğŸ˜¤,0.0,Neutral,0.3,Netural,-0.515741765499115,Negative
Never gets old,0.0,Neutral,0.1,Netural,0.29820147156715393,Netural
Thanks ğŸ’ƒğŸ¼ğŸ’ƒğŸ¼ğŸ’ƒğŸ¼ğŸ’ƒğŸ¼ğŸ’ƒğŸ¼ğŸ’ƒğŸ¼ğŸ’ƒğŸ¼ğŸ’ƒğŸ¼,0.4404,Positive,0.2,Netural,0.5359309315681458,Positive
Eminem is the best!,0.6696,Positive,1.0,Positive,0.8983697295188904,Positive
11y later n still hereğŸ’¯till i drop,-0.2732,Negative,0.0,Netural,-0.3560144603252411,Negative
@Eminem needs to rap about fun stuff,0.5106,Positive,0.3,Netural,-0.27106475830078125,Negative
"That song is a legend, made by an legend!!!",0.0,Neutral,0.0,Netural,0.646202802658081,Positive
best song,0.6369,Positive,1.0,Positive,0.8334701657295227,Positive
"If you wanna learn how to not give a fck, just play this in repeat",0.34,Positive,0.0,Netural,0.3280911147594452,Netural
Back in the days ğŸğŸ,0.0,Neutral,0.0,Netural,0.5054065585136414,Positive
Don't agree with most of the shit he says.  But Damn. He made hip-hop white again,-0.3828,Negative,0.09999999999999999,Netural,-0.39500412344932556,Negative
11yrs,0.0,Neutral,0.0,Netural,0.2590799331665039,Netural
Well Eminem ğŸ‡ºğŸ‡¸ğŸ‡ºğŸ‡¸ğŸ‡ºğŸ‡¸,0.2732,Positive,0.0,Netural,0.4532148838043213,Positive
This is my fav songâ¤,0.802,Positive,0.0,Netural,0.7444477081298828,Positive
11 years later still hereğŸ¤˜,0.0,Neutral,0.0,Netural,0.43246421217918396,Positive
my biggest pride will always be that this song came out the year i was born,0.34,Positive,0.0,Netural,0.8303359150886536,Positive
"I'm spit forever down with the devil walking in flames not saying no names demons take aim put flows shame mite hop on a plane or take the road less traveled in these beats I dabble write with the pin or key board sharpen my sword don t need an award to know that I'm dope got no reason to vote here to grab the goat slit it's throat can't cope with this new hip-hop need a wrist watch dipping on cops about that time for another ryme to much landscaping resulted in a damage spine to many drugs damaged mind seek an you shall find a MC with plenty of lines I got to shine give me a beat ride it out like  the biggest wave wasn't raised thoughts crazed this tree got me on a daze never fazed these people act like something wrong with me now I'm enraged ADHD don't know how to behave 
                            LOL ğŸ¤£ got in there somewhere I think",-0.7012,Negative,0.10176767676767677,Netural,-0.7851119041442871,Negative
Wtf he talking about?!?,-0.6654,Negative,-0.625,Negative,-0.43046724796295166,Negative
æœ€å¼·â¤ï¸,0.4404,Positive,0.0,Netural,0.8603091835975647,Positive
inspiration. Guys... fight with this shit! FIGHT!,-0.7729,Negative,-0.3125,Negative,0.8163533806800842,Positive
He's fly like that Morbius :),0.6705,Positive,0.65,Positive,0.5030465126037598,Positive
They are legends who hearing this song in 2022,0.0,Neutral,0.0,Netural,0.5607724189758301,Positive
"lyrics :

I'm not afraid (I'm not afraid)
Yeah
To take a stand (to take a stand)
It's been a ride
Everybody (everybody)
I guess I had to go to that place
Come take my hand (come take my hand)
To get to this one
We'll walk this road together, through the storm
Now some of you might still be in that place
Whatever weather, cold or warm
If you're tryna get out (just lettin' you know that you're not alone)
Just follow me (holla if you feel like you've been down the same road)
I'll get you there

You can try and read my lyrics off of this paper before I lay 'em
But you won't take the sting out these words before I say 'em
'Cause ain't no way I'ma let you stop me from causin' mayhem
When I say I'm a do somethin', I do it
I don't give a damn what you think
I'm doin' this for me, so fuck the world, feed it beans
It's gassed up, if it thinks it's stoppin' me
I'ma be what I set out to be, without a doubt, undoubtedly
And all those who look down on me, I'm tearin' down your balcony
No if, ands or buts, don't try to ask him why or how can he
From ""Infinite"" down to the last ""Relapse"" album he's still shittin'
Whether he's on salary, paid hourly, until he bows out or he shits his bowels out of him
Whichever comes first, for better or worse
He's married to the game, like a fuck you for Christmas
His gift is a curse, forget the Earth, he's got the urge to pull his dick from the dirt
And fuck the whole universe

I'm not afraid (I'm not afraid)
To take a stand (to take a stand)
Everybody (everybody)
Come take my hand come (come take my hand)
We'll walk this road together, through the storm
Whatever weather, cold or warm
Just lettin' you know that you're not alone
Holla if you feel like you've been down the same road

Okay, quit playin' with the scissors and shit, and cut the crap
I shouldn't have to rhyme these words in the rhythm for you to know it's a wrap
You said you was king
You lied through your teeth, for that, fuck your feelings
Instead of gettin' crowned you're gettin' capped, and to the fans
I'll never let you down again, I'm back
I promise to never go back on that promise
In fact, let's be honest, that last ""Relapse"" CD was eh
Perhaps I ran them accents into the ground
Relax, I ain't goin' back to that now
All I'm tryna say is get back, click-clack, blaow, 'cause I ain't playin' around
There's a game called circle and I don't know how
I'm way too up to back down
But I think I'm still tryna figure this crap out
Thought I had it mapped out but I guess I didn't, this fuckin' black cloud
Still follows me around but it's time to exercise these demons
These muh'fuckers are doin' jumpin' jacks now

I'm not afraid (I'm not afraid)
To take a stand (to take a stand)
Everybody (everybody)
Come take my hand come (come take my hand)
We'll walk this road together, through the storm
Whatever weather, cold or warm
Just lettin' you know that you're not alone
Holla if you feel like you've been down the same road

And I just can't keep living this way
So starting today
I'm breaking out of this cage
I'm standing up, I'ma face my demons
I'm manning up, I'ma hold my ground
I've had enough, now I'm so fed up
Time to put my life back together right now (now)

It was my decision to get clean, I did it for me
Admittedly, I probably did it subliminally for you
So I could come back a brand new me, you helped see me through
And don't realize what you did, ('cause) believe me you
I been through the wringer, but they could do little to the middle finger
I think I got a tear in my eye, I feel like the king of
My world, haters can make like bees with no stingers and drop dead
No more beef lingers, no more drama from now on
I promise to focus solely on handlin' my responsibilities as a father
So I solemnly swear to always treat this roof like my daughters and raise it
You couldn't lift a single shingle on it, 'cause the way I feel
I'm strong enough to go to the club or the corner pub
And lift the whole liquor counter up 'cause I'm raising the bar
I'd shoot for the moon but I'm too busy gazin' at stars, I feel amazing and I'm not

I'm not afraid (I'm not afraid)
To take a stand (to take a stand)
Everybody (everybody)
Come take my hand come (come take my hand)
We'll walk this road together, through the storm
Whatever weather, cold or warm
Just lettin' you know that you're not alone
Holla if you feel like you've been down the same road",0.9713,Positive,-0.004274891774891786,Negative,-0.3982216715812683,Negative
Colombia ğŸ‡¨ğŸ‡´ğŸ‡¨ğŸ‡´ğŸ‡¨ğŸ‡´ğŸ‡¨ğŸ‡´_EnimenÃ—1000pre,0.0,Neutral,0.0,Netural,-0.27233362197875977,Negative
Damn there are like no views (being sarcastic),-0.5267,Negative,0.1,Netural,-0.532345712184906,Negative
"2022 
Best rap ever",0.6369,Positive,1.0,Positive,0.9365492463111877,Positive
This is amazing,0.5859,Positive,0.6000000000000001,Positive,0.8653321862220764,Positive
Drop a like if you still here..#legend,0.1027,Positive,0.0,Netural,-0.2790740132331848,Negative
Meow~,0.0,Neutral,0.0,Netural,0.24019795656204224,Netural
"1006,6 Ğ»ÑĞ¼Ğ¾Ğ² Ğ¿Ñ€Ğ¾ÑĞ¼Ğ¾Ñ‚Ñ€Ğ¾Ğ² Ğ¸ Ñ‚Ğ°Ğº Ñ‚Ğ°Ğ¼ Ğ¼Ğ°Ğ»Ğ¾ ĞºĞ¾Ğ¼Ğ¼ĞµĞ½Ñ‚Ğ°Ñ€Ğ¸ĞµĞ²) Ñ Ğ² Ğ°Ñ…ÑƒĞµ",0.0,Neutral,-0.2,Negative,0.23512327671051025,Netural
"was 9 years of age when i heard this song.........I,m 21 years and i'm still bashing to this song...........One Opportunity",0.4215,Positive,0.0,Netural,0.433370441198349,Positive
"I keep this Comment to see how many people return to listen this masterpiece 

And each like notification will allow me return to relive this 4:19 mn moment",0.851,Positive,0.5,Positive,0.6555808186531067,Positive
12 years later...â™¥ï¸ğŸ”¥,0.4215,Positive,0.0,Netural,0.3106670081615448,Netural
Day 204 of listening to Not Afraid everyday for 1 year,0.0,Neutral,0.04999999999999999,Netural,-0.31378838419914246,Negative
Here ! Forever,0.0,Neutral,0.0,Netural,0.7927943468093872,Positive
nice,0.4215,Positive,0.6,Positive,0.4368410110473633,Positive
greatğŸ‘ğŸœ,0.6249,Positive,0.0,Netural,0.30857792496681213,Netural
2022 April and to be continuedâ€¦â€¦,0.0,Neutral,0.0,Netural,0.2767138183116913,Netural
ğŸ”¥ğŸ”¥ğŸ”¥,-0.7351,Negative,0.0,Netural,0.30857792496681213,Netural
Happy Birthday Not Afraid,0.5719,Positive,0.55,Positive,0.6391692757606506,Positive
2022 and still loving you Eminem,0.5994,Positive,0.6,Positive,0.718863844871521,Positive
I've tried to rap this with lyrics and I give it to the God of rap,0.2732,Positive,0.0,Netural,0.37696221470832825,Positive
11 years later and still listening to the living legend ğŸ,0.0,Neutral,0.0,Netural,0.5818629860877991,Positive
I love this song,0.6369,Positive,0.5,Positive,0.8526678681373596,Positive
Always.... in my heart,0.6369,Positive,0.0,Netural,0.740980327129364,Positive
"olha eu aki dinovo, essa Ã© uma das q eu mais gosto",0.4215,Positive,0.0,Netural,0.7808582782745361,Positive
29-april-2022 ğŸ–,0.4939,Positive,0.0,Netural,-0.3628406226634979,Negative
Apologies...,0.0,Neutral,0.0,Netural,0.23298509418964386,Netural
2022 and still beats ğŸ»,0.0,Neutral,0.0,Netural,0.6328233480453491,Positive
https://youtu.be/WPdWvnAAurg. savage,-0.4588,Negative,0.0,Netural,-0.268745481967926,Negative
"2018 , 2030, 2050.... FOREVER!!!",0.0,Neutral,0.0,Netural,0.7073659896850586,Positive
WHOS HERE AFTER ALL THE B.S???,0.0,Neutral,0.0,Netural,-0.45678389072418213,Negative
Goood,0.0,Neutral,0.0,Netural,0.2613036036491394,Netural
About 4K Version? When @Vevo?,0.0,Neutral,0.0,Netural,-0.3274768590927124,Negative
12 years ago!!!,0.0,Neutral,0.0,Netural,0.5481353402137756,Positive
4K Version? When @Vevo?,0.0,Neutral,0.0,Netural,-0.3708004951477051,Negative
12 years!!,0.0,Neutral,0.0,Netural,0.6470968723297119,Positive
Is the best song 2022:),0.6369,Positive,0.75,Positive,0.8472248315811157,Positive
The best rapper ever!!! Period!!!,0.7482,Positive,1.0,Positive,0.9537423253059387,Positive
"This song will never get old
This is legendary FOREVER",0.0,Neutral,0.55,Positive,0.8803889155387878,Positive
Very nice ğŸ‘,0.4754,Positive,0.78,Positive,0.6992000341415405,Positive
Waiting for suga and eminem collab...,0.0,Neutral,0.0,Netural,0.20586079359054565,Netural
12 anos depois â¤,0.6369,Positive,0.0,Netural,0.3154774308204651,Netural
11years but still the bestğŸ–¤,0.9274,Positive,0.0,Netural,0.36180201172828674,Positive
I want Eminem to destroy BTS.,-0.4939,Negative,-0.2,Negative,-0.563071608543396,Negative
"Tháº¥y báº¡n trÃªn fb nháº¯c  tÃªn bÃ i nÃ y nÃªn qua tÃ¬m, hoÃ¡ ra mÃ¬nh Ä‘Ã£ nghe Ä‘Æ°á»£c chá»¥c nÄƒm rá»“i. BÃ¢y giá» lÃ m máº¹ rá»“i khÃ´ng nghe Rap máº¥y ná»¯a :D. Eminem Ä‘á»‰nh mÃ£i Ä‘á»‰nh ğŸ¤Ÿ",0.6369,Positive,0.6,Positive,-0.5403690338134766,Negative
Algum Brasileiro 2022ğŸ‡§ğŸ‡·,0.0,Neutral,0.0,Netural,-0.37695956230163574,Negative
Reaming one of Em's best songs,0.6369,Positive,1.0,Positive,0.8595349192619324,Positive
"I held you in such high esteem, the perfect picture of integrity. Bullshit",0.3612,Positive,0.38666666666666666,Positive,0.8676736354827881,Positive
"Em this is your sister Q
Please help me",0.6124,Positive,0.0,Netural,0.6136840581893921,Positive
11 years later still here. Me bashâœŒï¸,0.0,Neutral,0.0,Netural,0.5202091932296753,Positive
This song hits a lil different today! Opened my eyes to a lot man still helping/changing lifeâ€™s even with old music !ğŸ¤™,0.5837,Positive,0.0625,Netural,0.7137040495872498,Positive
Never forget this song!,0.2401,Positive,0.0,Netural,0.6276823878288269,Positive
who is here at 2022ğŸ˜‚ğŸ˜‚ğŸ˜‚ğŸ˜‚,0.891,Positive,0.0,Netural,0.445497065782547,Positive
Voltei aqui como de costume ğŸ,0.0,Neutral,-0.125,Negative,0.42264384031295776,Positive
Love him so much-,0.6369,Positive,0.35,Positive,0.846224844455719,Positive
Old is gold ğŸ†,0.0,Neutral,0.1,Netural,0.3417161703109741,Positive
"YES I'M NOT AFRAID!

Are there any Volunteers, Donors and supporters to help us with our charity work in Uganda ğŸ‡ºğŸ‡¬ in East Africa.  LET'S TAKE THE STEP TOGETHER.",0.9027,Positive,0.375,Positive,0.5567101836204529,Positive
Eminem!,0.0,Neutral,0.0,Netural,0.4312005043029785,Positive
2022...,0.0,Neutral,0.0,Netural,-0.32174810767173767,Negative
I just love it...Just that...,0.6369,Positive,0.5,Positive,0.5994836091995239,Positive
ğŸ”¥ğŸ”¥ğŸ”¥,-0.7351,Negative,0.0,Netural,0.30857792496681213,Netural
ğŸ¶ğŸ¶ğŸ¶ğŸ¶ğŸ¶ğŸ¶ğŸ¶ğŸ‘ğŸ‘ğŸ‘ğŸ‘ğŸ‘ğŸ‘ğŸ‘ğŸ‘ğŸ‘ğŸ‘ğŸ‘ğŸ‘ğŸ‘ğŸ‘,0.0,Neutral,0.0,Netural,0.30857792496681213,Netural
"THE ÄARKNESS
ğŸŒŒğŸŒŒğŸŒŒğŸŒŒğŸŒŒğŸŒŒ",0.0,Neutral,0.0,Netural,-0.24589578807353973,Negative
Stunning,0.3818,Positive,0.5,Positive,0.8192020058631897,Positive
Whoâ€™s here,0.0,Neutral,0.0,Netural,0.43721067905426025,Positive
Good music never gets old! 2022,0.4926,Positive,0.4125,Positive,0.5252853631973267,Positive
Itâ€™s this song and â€œDid You Call Meâ€ by Lukaz are some of the only things getting me through tough times.  I hope everyone is doing well. I love you â¤ï¸ğŸ’•,0.9186,Positive,0.037037037037037035,Netural,0.7126774191856384,Positive
Everytime ems pen hits the page my heart beats faster! Everytime!,0.6988,Positive,0.0,Netural,0.8544269800186157,Positive
"This is the song that you don't hear for a while but when you hear it, it feels like magic",0.5023,Positive,0.5,Positive,0.509894073009491,Positive
ğŸ”¥ğŸ”¥ğŸ”¥ğŸ”¥ğŸ”¥,-0.875,Negative,0.0,Netural,0.30857792496681213,Netural
2k22,0.0,Neutral,0.0,Netural,0.2360527366399765,Netural
11 years,0.0,Neutral,0.0,Netural,0.5014446973800659,Positive
"11 yr ago,still listening to this beautiful musicğŸ‰",0.8087,Positive,0.85,Positive,0.7292343974113464,Positive
Jusqu'en 2022 j'aime toujours cette chanson,0.6369,Positive,0.5,Positive,0.5299056768417358,Positive
ĞĞ¾Ñ€Ğ¼Ğ°Ğ»ÑŒĞ½Ğ¾,0.2023,Positive,0.4166666666666667,Positive,-0.3663434386253357,Negative
I m not afraid,0.0,Neutral,0.3,Netural,0.28976860642433167,Netural
Day 203 of listening to Not Afraid everyday for 1 year,0.0,Neutral,0.04999999999999999,Netural,-0.31331849098205566,Negative
2022?,0.0,Neutral,0.0,Netural,-0.3836294710636139,Negative
Who is here in 2022,0.0,Neutral,0.0,Netural,0.41583627462387085,Positive
ğŸ˜˜ğŸ‘¿ğŸ‘¿ğŸ‘¿ğŸ‘¿ğŸ‘¿ğŸ‘¿,-0.9517,Negative,0.0,Netural,0.30857792496681213,Netural
Maja aagya,0.4939,Positive,0.4,Positive,0.2787390351295471,Netural
29/4/2022,0.0,Neutral,0.0,Netural,-0.3035731017589569,Negative
MY FRIEND BEHIND MY BACK THAT HELP AND SUPPORT ME WHEN IM A NOBODY BUT A BULLSHIT ARTIST,-0.34,Negative,-0.2,Negative,0.5093830227851868,Positive
"It's April 2022, let's see how many legends still listening to this masterpiece ğŸ”¥",0.5385,Positive,0.5,Positive,0.5946226716041565,Positive
This is a man.,0.0,Neutral,0.0,Netural,0.6467410922050476,Positive
Love u Eminemâ¤â¤,0.9274,Positive,0.5,Positive,0.7328341007232666,Positive
Lose your self next this happy hhh you dont know dady hhh no,0.1217,Positive,0.4,Positive,0.3729202151298523,Positive
mucho mas musica en mi vida por favor,0.3182,Positive,0.5,Positive,0.27816832065582275,Netural
North Pole - South Pole has time limit . They canâ€™t the time they get it like never before . New tenfold as fold their hand back and the time show me nothing but truth itâ€™s a zero hour .,0.1045,Positive,0.06818181818181818,Netural,-0.4722377359867096,Negative
2022 and it still bangsğŸ”¥ğŸ”¥,-0.5859,Negative,0.0,Netural,0.443739652633667,Positive
"SÃ³ os brasileiros vÃ£o lembrar, dessa mÃºsica no jogo do bomba patch do PlayStation 2",-0.4939,Negative,-0.2,Negative,-0.23577582836151123,Negative
Eminem save me from antidepressants and Psychiatrists,0.4939,Positive,0.0,Netural,-0.3752948045730591,Negative
12 years and i stay listening to this music and i not tired,0.3412,Positive,0.2,Netural,0.7300081849098206,Positive
Hearing 80 thousand people sing this at the mcg was amazing best night of my life if he comes back again definitely going,0.8934,Positive,0.4,Positive,0.6401183605194092,Positive
So true!,0.5244,Positive,0.4375,Positive,0.7433735728263855,Positive
Still good in 2022,0.4404,Positive,0.7,Positive,0.4687279164791107,Positive
Can you hold my hand!!! ğŸ˜,0.795,Positive,0.0,Netural,0.581525981426239,Positive
OMG EMINEM   EEEEEK,0.0,Neutral,0.0,Netural,0.28470098972320557,Netural
Fucking  still  go bye this song  not to give up thank. U shady.,0.3612,Positive,-0.425,Negative,-0.5977829694747925,Negative
Woaw Eminem 2022,0.0,Neutral,0.0,Netural,-0.29534685611724854,Negative
"*(THIS IS AN UPDATE ON THE REAL GEORGE JUNG WHO WAS PORTRAYED BY DEPP IN THE MOVIE 'BLOW'!)*
*STILL = ( ,',',',',','*
*(GEORGE WAS BETRAYED AND ABANDONED BY EVERYONE WHO WAS SUPPOSED TO LOVE HIM NO MATTER WHAT, LIKE HIS OWN MOTHER AND HIS WIFE!! I'M HAVING AN EMPATH MOMENT FROM THAT MOVIE THAT IS GIVING ME A NERVOUS BREAKDOWN!!)*
*George Jacob Jung (August 6, 1942 â€“ May 5, 2021)* *nicknamed Boston George and El Americano, was an American drug trafficker and smuggler who was a major figure in the cocaine trade in the United States in the 1970s and early 1980s. Jung and his partner Carlos Lehder smuggled cocaine into the United States for the Colombian MedellÃ­n Cartel.* *Jung was sentenced to 70 years in prison in 1994 on conspiracy charges, but was released in 2014. Jung was portrayed by Johnny Depp in the biopic Blow (2001).*
*Jung was due to be released in November 2014, but was released early, on June 2, 2014, after nearly 20 years. In 2016, he was jailed for a federal supervision violation, then released from a halfway house in 2017.*

*In September 2014, Jung contributed to Heavy with T. Rafael Cimino, nephew of film director Michael Cimino. Heavy is a fictional story about Jung escaping from a Cuban prison and fleeing to Guatemala.*

*Jung had been suffering from liver and kidney failure and was receiving hospice care when he died on May 5, 2021, at his Weymouth, Massachusetts home.* -Wikipedia 

*'Photos of Johnny Depp's Habits Presented in Court'*
3.6M views Â· 6 days ago
-'Law&Crime Network'
*VIGILANTE REALITY TV*
0 seconds ago
*A THUMBNAIL FOR BIG BAGS OF WEED BROUGHT ME HERE TODAY! DID HE FIND THAT IN A HIGH SCHOOL LOCKER ON '21 JUMP STREET'??*

*VIGILANTE REALITY TV*
0 seconds ago
*I SHOULD WAKE N BAKE BEFORE WATCHING THIS! BRB.*

*VIGILANTE REALITY TV*
1 second ago
*PAUSES AT **3:27** AND THINKS OF 'BLOW'. ISN'T HE IN THAT MOVIE? GOES TO GOOGLE CUZ I GOT A DORY MEMORY.*

*THERE'S A PILL TO ""MAKE PEOPLE TALK LESS""? WHAT DRUG IS THAT? ONE THAT PUTS YOU TO SLEEP?*

*VIGILANTE REALITY TV*
0 seconds ago
*""In the turbulence of the 1970s, the international drug trade underwent a fast, violent and lucrative revolution - and one ordinary American was at its center. But in just a few short years, George Jung (Johnny Depp), a high-school football star single handedly became the world's premiere importer of cocaine from Colombia's Medellin cartel, changing the course of an entire generation. ""Blow"" is a high-velocity look at George Jung's spectacular rise and fall.""*
*WAS HE LITERALLY COKED OUT WHILE MAKING THAT MOVIE?? IN HOLLYWEIRD ANYTHING GOES!*

*I'M RELATED TO A DRUG ADDICT WHO DOESN'T WANNA GET CLEAN! SO HE SAYS ""HE'S GONNA BECOME A ROCK STAR AND DO DRUGS, BUT STILL HAVE A CAREER!"" THAT IS VERY UPSETTING!*

*VIGILANTE REALITY TV*
1 second ago
*PAUSES AT **10:27**. WHERE'S THE WEED PICS THAT BROUGHT ME HERE? WAS THAT THUMBNAIL CLICKBAIT? I DON'T HAVE THE ATTENTION SPAN TO WATCH 14 MORE MINUTES OF THIS! AND, I'M HUNGRY AND NEED TO MAKE BREAKFAST FOR MY FAMILY! AFTER BLAXICAN JESUS WAKE N BAKES TO TREAT HIS AUTISM! HE WAS ASLEEP WHEN MOTHER MARY JANE INDICA TOKED A FEW MINUTES AGO.*

*VIGILANTE REALITY TV*
0 seconds ago
*FYI: JUST CHECKED AND THE MOVIE 'BLOW' STARRING DEPP THAT I MENTIONED IS ON NETFLIX, IF Y'ALL WANNA WATCH IT! BUT IT'S NOT FOR KIDS!! IT'S RATED R BECUZ IT'S ABOUT DRUG TRAFFICKING!!*

*VIGILANTE REALITY TV*
0 seconds ago
*LITERALLY = ( ,',',',',',' RIGHT NOW BECUZ I FINISHED WATCHING THE MOVIE 'BLOW'!! MORE LIKE A NERVOUS BREAKDOWN TO BE HONEST!! HIS DAUGHTER!!*

CC: Everyone",-0.9876,Negative,0.0632895966880342,Netural,0.2845022678375244,Netural
11 years,0.0,Neutral,0.0,Netural,0.5014446973800659,Positive
"Out of all Em's songs, I find this the most motivating.",0.5413,Positive,0.5,Positive,0.7977533936500549,Positive
12 years later still here ğŸ‘ğŸ»,0.0,Neutral,0.0,Netural,0.48408058285713196,Positive
11 yers stil her again ;),0.2263,Positive,0.25,Netural,0.5124917030334473,Positive
Iâ€™m also the guy that roasted Dr. Dre with his own song remix,0.0,Neutral,0.6,Positive,0.29811230301856995,Netural
One of my favorite songs since I was a kid.,0.4588,Positive,0.5,Positive,0.8480753302574158,Positive
You not alone,0.1877,Positive,0.0,Netural,-0.36022159457206726,Negative
Genius,0.0,Neutral,0.0,Netural,0.7280226349830627,Positive
and I jst can't keep living this way so starting today am breaking  out of this cage ....this statement changed my thinking back in 2020,0.0,Neutral,0.0,Netural,-0.5214136242866516,Negative
ğŸ–¤,0.6369,Positive,0.0,Netural,0.30857792496681213,Netural
This song motivatesğŸ”¥ğŸ”¥ğŸ”¥ğŸ”¥,-0.8225,Negative,0.0,Netural,0.5062264204025269,Positive
I had to go to that lance,0.0,Neutral,0.0,Netural,-0.2913009524345398,Negative
"Canâ€™t go a day without listen to the goat himself, thanks for all the great masterpieces!! Much love been listen to Marshall since a youngin ğŸ™â€¦ Fun Fact: this is the first song I herd from him, my brother had it as an alarm; brings back memories, and if you see this comment Marshall just know I respect you âœŠğŸ»much love and keep yo head up",0.9763,Positive,0.39285714285714285,Positive,0.9030519127845764,Positive
guys listen to this new song ğŸ”¥ğŸ”¥ it is hit  dude  ğŸ‘‰ğŸ»ğŸhttps://youtu.be/pFHdQZKb4Jk song name i gonna tell you /singer :Outlaw one,-0.5859,Negative,0.13636363636363635,Netural,0.3751801550388336,Positive
12 Years..... still get chills when listening to this.......,0.0,Neutral,0.0,Netural,0.2857876718044281,Netural
Anyone listning in 2022ğŸ˜,0.4588,Positive,0.0,Netural,-0.26104652881622314,Negative
12 years later still here ğŸ˜,0.4588,Positive,0.0,Netural,0.48408058285713196,Positive
Till death I think will still be hereğŸ¤ŸğŸ¾,-0.5994,Negative,0.0,Netural,0.3469511866569519,Positive
azwrbeyavmdan salamlariqi,0.4215,Positive,0.0,Netural,-0.49748459458351135,Negative
"11 years later and this song still slaps. Nobody gonna top emğŸ™ let me know, I'm not the only person who still loves this songğŸ”¥",0.4767,Positive,0.16666666666666666,Netural,-0.4284021258354187,Negative
2022,0.0,Neutral,0.0,Netural,0.2900533974170685,Netural
"O maior 
2022 â¤ï¸",0.0,Neutral,0.0,Netural,0.5348412394523621,Positive
Illuminati fucking sheet,0.0,Neutral,-0.6,Negative,-0.5762439370155334,Negative
"still feel young vibration,while i hear this songğŸ˜€ğŸ˜€",0.6124,Positive,0.1,Netural,0.4015040993690491,Positive
please do dis like,0.5859,Positive,0.0,Netural,-0.316997766494751,Negative
No matter how old you're this song always hits different,-0.0191,Neutral,0.05,Netural,0.31191325187683105,Netural
Hos hear in 2022?,0.0,Neutral,0.0,Netural,-0.3805069923400879,Negative
11 years and still here,0.0,Neutral,0.0,Netural,0.6177083849906921,Positive
Who is listening this tremendous song in 2022 ??,0.0,Neutral,0.3333333333333333,Positive,0.40855833888053894,Positive
a song good,0.4404,Positive,0.7,Positive,0.47957149147987366,Positive
"I THOUGHT YOU WERE SUPPOSED TO BE FAIRER ?
STANDING IN THE RAIN, LEAVING MY BALCONY DOOR OPEN, WHILST THROWING A CRYING BABY DETECTOR ON THE GROUND.
UNJUST IT HAS BEEN ONLY.",-0.8345,Negative,-0.06666666666666667,Negative,-0.4182795584201813,Negative
AMAZING SONG I AM NOT AFRAID,0.5859,Positive,0.45000000000000007,Positive,0.8522583842277527,Positive
You'll have to pay me to stay,-0.1027,Negative,0.0,Netural,-0.41793951392173767,Negative
I could imagine what that fucking community did they're already in litigation I wonder what that payout would do for me,-0.2023,Negative,-0.6,Negative,-0.36132943630218506,Negative
Go ahead go teardown my balcony my fire escape was bigger than that balcony,-0.1779,Negative,0.0,Netural,-0.45522403717041016,Negative
â¤â¤â¤â¤â¤ğŸ’™,0.9803,Positive,0.0,Netural,0.30857792496681213,Netural
Day 202 of listening to Not Afraid everyday for 1 year,0.0,Neutral,0.04999999999999999,Netural,-0.30640801787376404,Negative
la bzrp session para cuando,0.0,Neutral,0.0,Netural,0.3475834131240845,Positive
How I wish I could go back to 2010.. world sucks now from games to life everything has gotten worse,-0.4404,Negative,-0.2333333333333333,Negative,-0.7145032286643982,Negative
13 years later still here,0.0,Neutral,0.0,Netural,0.4350421130657196,Positive
Hello,0.0,Neutral,0.0,Netural,0.561444878578186,Positive
All of the people to come together make the world the better place âœ¨ ğŸ’•,0.8591,Positive,0.5,Positive,0.7019490003585815,Positive
MÃºsica muito top gosto muito sou fÃ£,0.7089,Positive,0.65,Positive,0.7744335532188416,Positive
"Damm he is the greatest of all times past,present and the future ğŸ™Œ ğŸ‘",0.6369,Positive,0.5,Positive,0.8979605436325073,Positive
AÃ­ calica,0.0,Neutral,0.0,Netural,0.24024555087089539,Netural
"HipHop King Eminem
like this",0.3612,Positive,0.0,Netural,0.6066984534263611,Positive
O m g,0.0,Neutral,0.0,Netural,0.2587529718875885,Netural
11 years laterâ€¦ 1.6b viewsâ€¦ still a masterpiece,0.6249,Positive,0.0,Netural,0.7086890339851379,Positive
Well this is not hurtful words gees,0.5962,Positive,0.0,Netural,0.44191718101501465,Positive
2022,0.0,Neutral,0.0,Netural,0.2900533974170685,Netural
11years later still here. The ğŸ,0.0,Neutral,0.0,Netural,0.23269909620285034,Netural
this song sounds like bancock,0.3612,Positive,0.0,Netural,-0.5663902759552002,Negative
10 years and still hear your voice,0.0,Neutral,0.0,Netural,0.7628679275512695,Positive
Do not humiliate the strength,0.0572,Positive,0.0,Netural,0.29244163632392883,Netural
This song is Awesome,0.6249,Positive,1.0,Positive,0.8039629459381104,Positive
oha 1 milyar dinlenmiÅŸ,0.0,Neutral,0.0,Netural,-0.48761168122291565,Negative
2022 âœ¨,0.3182,Positive,0.0,Netural,0.29935815930366516,Netural
13 years later still Here ...Eminem king rappers no-1 all  of all over dhe world's..ğŸ™ğŸ˜ğŸ˜˜ğŸ‘ŒğŸ¤ğŸ‘,0.8986,Positive,0.0,Netural,0.6354355812072754,Positive
2022 still here !!!,0.0,Neutral,0.0,Netural,0.4465712010860443,Positive
Angkat tangan ny anak anak Indonesia ğŸ˜ğŸ˜,0.4939,Positive,0.0,Netural,-0.36490389704704285,Negative
12 years later still here ğŸ¤˜,0.0,Neutral,0.0,Netural,0.48408058285713196,Positive
It happen so fast,0.0,Neutral,0.2,Netural,-0.3772408962249756,Negative
ğŸŒŒ,0.0,Neutral,0.0,Netural,0.30857792496681213,Netural
2022,0.0,Neutral,0.0,Netural,0.2900533974170685,Netural
â˜ï¸,0.0,Neutral,0.0,Netural,0.30857792496681213,Netural
ğŸ¥°ğŸ¥°ğŸ¥°,0.9716,Positive,0.0,Netural,0.30857792496681213,Netural
Shady is the GOAT!!!!!!,0.0,Neutral,-0.95367431640625,Negative,0.3927893042564392,Positive
Who he is here 2022?GOAT,0.0,Neutral,0.0,Netural,-0.5024217367172241,Negative
12 years later still hereğŸ‘ğŸ»ğŸ”¥,-0.34,Negative,0.0,Netural,0.4264445900917053,Positive
They are trying to kill me over being proved wrong and I look at your music as an emotional support tool,-0.6705,Negative,-0.25,Negative,0.3584806025028229,Positive
Eminem you have gotten sued because of me thatâ€™s how much your music impacted me. all over that Superman song being dedicated to some b***h whoâ€™s dad had money after we broke up. My number 1 dedication to a break up.,0.128,Positive,0.2,Netural,-0.5162835121154785,Negative
I never saw eminem going down.He's always at the top,0.2023,Positive,0.5,Positive,0.7411043047904968,Positive
And itâ€™s my daughter which is how I can relate,0.0,Neutral,0.0,Netural,0.6140363812446594,Positive
The crazy thing is em Im going through the same shit baby mama got munch syndrome talking hella shit behind my back to get my only child taken from me over money and they want me to fight to get her back and hate that I listen to your music and rap every lyric with the middle finger up,-0.9422,Negative,-0.17727272727272728,Negative,-0.8104361891746521,Negative
The crazy thing is em Im going through the same shit baby mama got munch syndrome talking hella shit behind my back to get my only child taken from me over money and they want me to fight to get her back and hate that I listen to your music and rap every lyric with the middle finger up,-0.9422,Negative,-0.17727272727272728,Negative,-0.8104361891746521,Negative
"11 years ago and Iâ€™m watching this music video now ğŸ˜³
Never knew Eminem was the one that sang this song
Finally discovering him ğŸ’¯ğŸ˜Š",0.7184,Positive,0.0,Netural,0.6965098977088928,Positive
Anyone still 2022 ?????,0.0,Neutral,0.0,Netural,-0.6394932270050049,Negative
"*'Nicki Minaj - Chun-Li'*
172M views Â· 3 years ago
*REPUBLICAN VIRTUAL MAYOR OF SAN FRANCISCO*
0 seconds ago
*I SAW THIS SONG SET TO A RACIST COMMERCIAL!! DID YOU APPROVE THAT?? IT IMPLIED ""BLACK GIRL HAIR IS MEDUSA LIKE!! BUT BLEACHING IT BLONDE AND STRAIGHTENING IT IS HOW YOU GET A MAN""!! SHAKING MY HEAD!*

*REPUBLICAN VIRTUAL MAYOR OF SAN FRANCISCO*
0 seconds ago
*THE HATERS CLUB IS TRIPPIN BECUZ A BITCH'S MIXED CHIC CURLS ARE GROWING, THANKS TO EATING RED MEAT ALL THE TIME, TO CURE MY SEVERE ANEMIA!! I'M SEEING ALL TYPES OF MESSAGES FROM CUT OFF ALL THE LENGTH TO DYE IT BLONDE AND STRAIGHTEN IT!! WHITE PEOPLE NEED TO STOP WORRYING ABOUT BLACK WOMEN'S HAIR!! MIND YOUR BUSINESS!! IT'S A BLACK THING!! YOU WOULDN'T UNDERSTAND!!*",-0.954,Negative,-0.08742187499999998,Negative,-0.47813689708709717,Negative
I'm not afraid never give up on way ğŸ’ª,0.0,Neutral,0.3,Netural,0.47000789642333984,Positive
11 years agoâœ‹ğŸ¤©,0.4939,Positive,0.0,Netural,0.5205948948860168,Positive
2022,0.0,Neutral,0.0,Netural,0.2900533974170685,Netural
11 yrs,0.0,Neutral,0.0,Netural,-0.25340035557746887,Negative
to take stake everybody,0.0,Neutral,0.0,Netural,-0.4577372372150421,Negative
not afraid,0.0,Neutral,0.3,Netural,0.3322542905807495,Positive
world best rappers,0.6369,Positive,1.0,Positive,0.9300042986869812,Positive
His voice. Is so unique.  Forever Eminem,0.0,Neutral,0.375,Positive,0.8329032063484192,Positive
Day 201 of listening to Not Afraid everyday for 1 year,0.0,Neutral,0.04999999999999999,Netural,-0.29669758677482605,Negative
Itâ€™s this song and â€œDid You Call Meâ€ by Lukaz are some of the only things getting me through tough times.  I hope everyone is doing well. I love you â¤ï¸ğŸ’•,0.9186,Positive,0.037037037037037035,Netural,0.7126774191856384,Positive
Legendry,0.0,Neutral,0.0,Netural,0.2572094202041626,Netural
2022 and still a masterpiece ğŸ¥ºğŸ¥º,0.6249,Positive,0.0,Netural,0.8404762148857117,Positive
11 still on this,0.0,Neutral,0.0,Netural,0.45222216844558716,Positive
See to much of this in me... But i took my stance. Im ontop now,0.0,Neutral,0.2,Netural,0.38609787821769714,Positive
2022 Eminem ğŸ’ªğŸ»ğŸ”¥ğŸ”¥ğŸ”¥,-0.7351,Negative,0.0,Netural,0.3199518620967865,Netural
11 Years â€¦ GOAT.,0.0,Neutral,0.0,Netural,0.5476576685905457,Positive
11 years : letter stil here â£ï¸,0.6369,Positive,0.0,Netural,0.5027881860733032,Positive
He had something different with others singers..he had his own style in music..i said its geniously,0.0,Neutral,0.3,Netural,0.2858482003211975,Netural
Dude this song is dope,0.0,Neutral,0.0,Netural,-0.499663770198822,Negative
Is only one man worth all the hype,0.2263,Positive,0.15,Netural,-0.6779370903968811,Negative
ğŸ¤˜ğŸ¿ğŸ¤˜ğŸ¿,0.0,Neutral,0.0,Netural,0.30857792496681213,Netural
"Give me german translate, thank you man",0.3612,Positive,0.0,Netural,0.42114800214767456,Positive
11 years later still hereâ¤âœŒğŸ¤Ÿ,0.8126,Positive,0.0,Netural,0.43246421217918396,Positive
Whose listing this masterpiece ğŸ˜ In 2022ğŸ™ŒğŸ™Œ,0.8349,Positive,0.0,Netural,0.676480233669281,Positive
eminem is the purest form of motivation,0.34,Positive,0.0,Netural,0.6992750763893127,Positive
"When I first got sober this was the song I kept listening to. Thank you Em.
Edit: 8yrs clean. You got this man.",0.6369,Positive,0.2388888888888889,Netural,0.46733948588371277,Positive
Quien 2022 y muchos aÃ±os mÃ¡s con esta canciÃ³n?,0.0,Neutral,0.5,Positive,0.3446011543273926,Positive
Siiiuu,0.0,Neutral,0.0,Netural,0.25901156663894653,Netural
Iâ€™m a huge fan of this song but sometimes my brother hates it and I think you can do it way better,0.3182,Positive,0.45000000000000007,Positive,0.3828313648700714,Positive
the first time i heard this song is when i was playing NBA 2K14ğŸ˜ƒ,0.5106,Positive,0.25,Netural,0.2206159234046936,Netural
Amazing! His raps always bring me back down and grounded. Thanks ğŸ™ 2022!,0.8065,Positive,0.21111111111111114,Netural,0.9495263695716858,Positive
Suas mÃºsicas salvarÃ£o minha vida !,0.5411,Positive,0.0,Netural,0.609724760055542,Positive
11 years still here!  @_@,0.0,Neutral,0.0,Netural,0.6955241560935974,Positive
2022 anybody here?,0.0,Neutral,0.0,Netural,-0.5073568224906921,Negative
2022 e eu ouvindo Eminem â¤ï¸,0.0,Neutral,0.0,Netural,-0.3272685110569,Negative
this song never gets old,0.0,Neutral,0.1,Netural,0.4263049066066742,Positive
I actually write his lyrics,0.0,Neutral,0.0,Netural,0.29378843307495117,Netural
2022 hello,0.0,Neutral,0.0,Netural,0.3599981665611267,Positive
12 years later still here â¤ï¸ğŸ’¨,0.0,Neutral,0.0,Netural,0.48408058285713196,Positive
11 years later still here ğŸ”¥,-0.34,Negative,0.0,Netural,0.48465222120285034,Positive
"Yay u found me,this song is ğŸ˜Œâœ¨",0.8074,Positive,0.0,Netural,0.6311384439468384,Positive
ğŸ¤º,0.0,Neutral,0.0,Netural,0.30857792496681213,Netural
AlguÃ©m 2022?,0.0,Neutral,0.0,Netural,-0.47188499569892883,Negative
EMINEM Is just best.,0.6369,Positive,1.0,Positive,0.7463774085044861,Positive
Music life out law crazy dream,-0.1027,Negative,-0.6,Negative,0.4338587522506714,Positive
BRAZIL POHA 2022,0.0,Neutral,0.0,Netural,-0.3485817015171051,Negative
How about ...... Always?,0.0,Neutral,0.0,Netural,-0.29746314883232117,Negative
ĞŸĞµÑĞ½Ñ Ğ±Ğ¾Ğ¼Ğ±Ğ¸Ñ‡Ğ½Ğ°Ñ,-0.4939,Negative,0.0,Netural,-0.46906617283821106,Negative
"I wanna take your hand, I want out of this game",0.5423,Positive,-0.4,Negative,-0.49898913502693176,Negative
11 years still here ğŸ‘Œ,0.7297,Positive,0.0,Netural,0.6204704642295837,Positive
Waht legends are still here in 2022,0.0,Neutral,0.0,Netural,0.4719037413597107,Positive
11 years later still here ğŸ‘ˆ,0.0,Neutral,0.0,Netural,0.48465222120285034,Positive
He will never be able to rap like this white boy.,0.3612,Positive,0.25,Netural,-0.713948130607605,Negative
ğŸ˜Œâ¤ï¸,0.3818,Positive,0.0,Netural,0.30857792496681213,Netural
FOREVER,0.0,Neutral,0.0,Netural,0.71201491355896,Positive
2022 here ğŸğŸ™,0.0,Neutral,0.0,Netural,0.42141950130462646,Positive
best song ever made!!! ğŸ˜,0.8433,Positive,1.0,Positive,0.9584308862686157,Positive
Fav â¤ï¸ğŸ’«,0.2732,Positive,0.0,Netural,0.3214591145515442,Netural
This song gives you the right motivation to do anything you want. Itâ€™s a masterpiece.,0.7783,Positive,0.2857142857142857,Netural,0.8253677487373352,Positive
Ğ•ÑÑ‚ÑŒ Ñ€ÑƒÑÑĞºĞ¸Ğµ?)),0.0,Neutral,0.0,Netural,-0.24057558178901672,Negative
We'll never be afraid to go back to this song,0.0,Neutral,-0.3,Negative,0.512497067451477,Positive
"it past a decade.but,this masterprice never gets old.......",0.0,Neutral,-0.075,Negative,-0.2484513819217682,Negative
"Almost 12years, run it back and keep going.. 0-100 real quick",0.0,Neutral,0.25,Netural,-0.6593379974365234,Negative
"More bad news.
We have about 27 days.
If I don't receive any help,
I will release the pandemic
into the air ,
for my own survival.",-0.7228,Negative,0.1333333333333334,Netural,-0.6145694255828857,Negative
"My favorite Rapper, here in Brazil you are well loved Eminem. I've been listening to your music since I was a kid! in a way they bring a certain peace, keep it up, you are amazing.",0.9565,Positive,0.5473214285714285,Positive,0.9571782946586609,Positive
Ø®ÛŒÙ„ÛŒ Ù‚Ø´Ù†Ú¯Ù‡ Ø§ÛŒÙ† Ø¢Ù‡Ù†Ú¯ğŸ‘ğŸ‘Ø¹Ø§Ù„ÛŒÙ‡ğŸ‘ŒğŸ‘ŒğŸ‡®ğŸ‡·ğŸ‡®ğŸ‡·,0.7177,Positive,0.85,Positive,0.2561696469783783,Netural
2022ğŸ˜ğŸ˜­ğŸ˜­ğŸ¤™ğŸ‘ğŸ‘âœŠ,0.0,Neutral,0.0,Netural,0.30857792496681213,Netural
1crore likesğŸ”±,0.4215,Positive,0.0,Netural,0.28907519578933716,Netural
I was getting ready to go to work then this was on and now I can't leave the house until I've enjoyed it all and it's 2022,0.7139,Positive,0.35,Positive,0.4569372236728668,Positive
best of the best!,0.8655,Positive,1.0,Positive,0.9283706545829773,Positive
Still one of the best,0.6369,Positive,1.0,Positive,0.6889505982398987,Positive
"11 years later still here,  i love eminem â¤ï¸",0.6369,Positive,0.25,Netural,0.7780179977416992,Positive
ian gwapo,0.4939,Positive,0.5,Positive,0.26198163628578186,Netural
Day 200 of listening to Not Afraid everyday for 1 year ğŸ‰ğŸ‰ğŸ‰,0.7964,Positive,0.04999999999999999,Netural,0.44698411226272583,Positive
After thousands years you're the legend em.,0.0,Neutral,0.0,Netural,0.7386515140533447,Positive
Best rapper ln the world,0.6369,Positive,1.0,Positive,0.9277153611183167,Positive
tell me how you really feel,0.0,Neutral,0.2,Netural,0.49860984086990356,Positive
I know this song word for word when I was younger I had a iPad full of your songs and lil Wayne best rappersğŸ,0.6369,Positive,0.45,Positive,0.5434092283248901,Positive
2022,0.0,Neutral,0.0,Netural,0.2900533974170685,Netural
Nazi Russia,0.0,Neutral,0.0,Netural,-0.4632876217365265,Negative
your parents must be proudğŸ˜…ğŸ‰,0.8074,Positive,0.0,Netural,0.5734261870384216,Positive
ğŸ‡§ğŸ‡·,0.0,Neutral,0.0,Netural,0.30857792496681213,Netural
Love you're favorite songğŸ¥º I miss you so much Bryan ğŸ˜­ğŸ˜­ğŸ˜­why God ang aga mo sia kinuwa sa aminğŸ’”ğŸ˜­,-0.3818,Negative,0.39999999999999997,Positive,0.8757832050323486,Positive
I dont know when I will stop listening to this. 29 Years old so far,-0.296,Negative,0.1,Netural,-0.26978233456611633,Negative
This white guy is my favourite superhero.,0.0,Neutral,0.0,Netural,0.942713737487793,Positive
so goods,0.0,Neutral,0.0,Netural,0.4280635416507721,Positive
Essa mÃºsica motiva DMS quando estou fazendo esforÃ§o fÃ­sico,0.0,Neutral,0.0,Netural,0.36203014850616455,Positive
This song will always be the best rap song ever,0.6369,Positive,1.0,Positive,0.8868399858474731,Positive
_. https://youtu.be/WPdWvnAAurg,0.0,Neutral,0.0,Netural,-0.27078720927238464,Negative
_. https://youtu.be/WPdWvnAAurg,0.0,Neutral,0.0,Netural,-0.27078720927238464,Negative
_. https://youtu.be/WPdWvnAAurg,0.0,Neutral,0.0,Netural,-0.27078720927238464,Negative
Savage. https://youtu.be/WPdWvnAAurg,-0.4588,Negative,0.0,Netural,0.373176246881485,Positive
The definition of guts,0.0,Neutral,0.0,Netural,0.33510497212409973,Positive
I posted this on my customer portal,0.0,Neutral,0.0,Netural,0.30086585879325867,Netural
#bipolar #cptsd #awareness #Eminem #please #rememberme,0.3182,Positive,0.0,Netural,-0.4995345175266266,Negative
â¤â¤â¤,0.9274,Positive,0.0,Netural,0.30857792496681213,Netural
Bomb,-0.4939,Negative,0.0,Netural,-0.4280546009540558,Negative
Sem brigar tend ok pensadores e isso nÃ£o misturam...vdd e e fosse vcs ğŸ¤”ğŸ˜,0.5122,Positive,0.5,Positive,-0.3555436134338379,Negative
CadÃª os brasileiros aqui??? ğŸ‡§ğŸ‡·ğŸ‡§ğŸ‡·2022,0.0,Neutral,0.0,Netural,-0.6335012316703796,Negative
I remember I wrote these lyrics on paper trying to memorise it whiles walking in the school yardâ€¦. Good ole days,0.4404,Positive,0.7,Positive,0.329973042011261,Netural
Every fan of Eminem must comment this video: https://www.youtube.com/watch?v=-A5xQ-A1Vic,0.3182,Positive,0.0,Netural,0.48464176058769226,Positive
Eminem rap song,0.0,Neutral,0.0,Netural,-0.30034908652305603,Negative
ğŸ–ğŸ†ğŸ†LEGENDARYğŸ†ğŸ†ğŸ–,0.7351,Positive,0.0,Netural,0.30857792496681213,Netural
After 11 yrs im here,0.0,Neutral,0.0,Netural,-0.46705734729766846,Negative
3:10 legendary part,0.0,Neutral,1.0,Positive,0.6831463575363159,Positive
Legenda,0.0,Neutral,0.0,Netural,0.32891845703125,Netural
Never gets oldğŸ™ğŸ™Œ,0.0,Neutral,0.0,Netural,-0.5954461693763733,Negative
THANK YOU EM!!!!,0.5673,Positive,0.0,Netural,0.6720721125602722,Positive
Amazing song. Eminem looks very good in this clip ğŸ˜‰,0.7902,Positive,0.755,Positive,0.8520046472549438,Positive
"2:59-3:34 still gives me goosebumps, when I got clean this song was my anthem through the darkest days of despair, now 8 years happily sober the song still brings me right back. Thank God. It brings us all together. Thanks Em",0.8074,Positive,0.19047619047619047,Netural,0.7832754254341125,Positive
11 yrs of this ğŸsong,0.0,Neutral,0.0,Netural,-0.377497136592865,Negative
11 years later still we here ğŸ˜‚,0.4404,Positive,0.0,Netural,0.546741247177124,Positive
"Da, da, da, da, da
It's the motherfuckin' D-O-double-G (Snoop Dogg!)
Da, da, da, da, da
You know I'm mobbin' with the D.R.E. (Yeah, yeah, yeah)
You know who's back up in this motherfucker! (What, what, what, what?)
So blaze the weed up then! (Blaze it up, blaze it up!)
Blaze that shit up, nigga... yeah 'Sup Snoop?
Top Dogg, bite 'em all, nigga, burn that shit up
D-P-G-C, my nigga, turn that shit up
C-P-T, L-B-C, yeah, we hookin' back up
And when they bang this in the club, baby, you got to get up
Thug niggas, drug dealers, yeah, they givin' it up
Lowlife, yo' life, boy, we livin' it up
Takin' chances while we dancin' in the party fo' sho'
Slip my hoe a 44 when she got in the back do'
Bitches lookin' at me strange but you know I don't care
Step up in this motherfucker just a-swingin' my hair
Bitch quit talkin', crip-walk if you're down with the set
Take a bullet with some dick and take this dope on this jet
Out o' town, put it down for the Father of Rap
And if yo' ass get cracked, bitch, shut your trap
Come back, get back, that's the part of success
If you believe in the S, you'll be relievin' your stress
Da, da, da, da, da
It's the motherfuckin' D.R.E. (Dr. Dre, motherfucker!)
Da, da, da, da, da
You know I'm mobbin' with the D-O-double-G
Straight off the fuckin' streets of C-P-T
King of the beatsâ€”you ride to 'em in your Fleet- (Fleetwood!)
Wood Coupe DeVille rollin' on dubs
How you feelâ€”whoopty-whoopâ€”nigga what?
Dre and Snoop chronic'd out in the 'lac (In the 'lac!)
With Doc in the back, sippin' on 'gnac (Yeah)
Clip in the strap, dippin' through 'hoods (What 'hoods?)
Compton, Long Beach, Inglewood!
South Central out to the Westside (Westside)
It's California Love, this California bud got a nigga gang o' pub
I'm on one, I might bail up in the Century Club
With my jeans on and my team strong
Get my drink on and my smoke on
Then go home wit' somethin' to poke on (Wha'sup bitch?)
Loc', it's on for the two-triple-oh
Comin' real, it's the next episode
Hold up, hey
For my niggas who be thinkin' we soft
We don't play
We gon' rock it 'til the wheels fall off
Hold up, hey
For my niggas who be actin' too bold
Take a seat
Hope you ready for the next episodeâ€”
Hey
Smoke weed everday",-0.9898,Negative,0.07722222222222222,Netural,-0.4604343771934509,Negative
"The Game done called out the wrong person to have a rap beef lmao.... I fuk with them both, but idk Game you better come harder like Yungeen Ace said better step harder...",0.8945,Positive,0.012499999999999994,Netural,-0.3355790376663208,Negative
Listening to this song makes remember playing gta san andreas with cheat codes on a paper next to me and my mom hiding my console during the week only give it on weekends . And my nokia express music with pause botton on the side that i put under my pillow and play music till i. Fall asleep â¤ï¸â€ğŸ”¥,-0.5267,Negative,0.0,Netural,-0.4424194097518921,Negative
""" He's got the urge to pull his dick from the dirt
And fuck the whole universe "" FUCKING EPIC !!!!!!!!!",-0.8852,Negative,0.18168601989746094,Netural,0.5752745270729065,Positive
This music video was a movie.,0.0,Neutral,0.0,Netural,0.31873854994773865,Netural
Repent and Pray in My Name GOD JESUS CHRIST ğŸ™Â  I AM THE BOSS OF SOULS Final Destination ğŸ˜JOHN 3:16 Literally #777MANN #JesusTalksLive #777GHOST,0.6289,Positive,0.0,Netural,0.6379719972610474,Positive
Always rated him speaks truth stil in that position after eleven years,0.3182,Positive,0.0,Netural,0.6876331567764282,Positive
It's the legendary song of all time and Em has proven that he is stronger than drugs and he will stop at nothing!ğŸ¤˜ğŸ”¥ğŸ”¥,-0.5707,Negative,1.0,Positive,0.9029985070228577,Positive
2022,0.0,Neutral,0.0,Netural,0.2900533974170685,Netural
"A game called circle huh? 'Free the Rastafari: the Circle of Life, the Gift of Love.' Em... I'm getting there... one day at a time... see the light when you see me... Love you man! Keep at the awesomeness! Peace vv Sith.",0.9622,Positive,0.33625,Positive,0.7689316868782043,Positive
This song will never get old â£,0.6369,Positive,0.1,Netural,0.5680255889892578,Positive
"In 2022, Let's see how many legends are listening this masterpiece songğŸ¶",0.7073,Positive,0.5,Positive,0.7743569016456604,Positive
"NBA 2k14, buena mÃºsica",0.4404,Positive,0.7,Positive,0.4359373450279236,Positive
Imma pray for these niggas ğŸ˜œ,-0.0258,Neutral,0.0,Netural,0.5228917598724365,Positive
only eminem's song i can sing with him,0.0,Neutral,0.0,Netural,-0.24653521180152893,Negative
"I thought he said, ""Fuck the world, philippines""",-0.5423,Negative,-0.4,Negative,-0.5276577472686768,Negative
Back after 7 months,0.0,Neutral,0.0,Netural,-0.4635370671749115,Negative
Eminem forever,0.0,Neutral,0.0,Netural,0.589788556098938,Positive
You're a legend if you're here in 2022 listening to this ğŸµğŸ¶ğŸ’¯ğŸ‘ˆâ™¬ Bless You ğŸ”¥ğŸ”¥ğŸ”¥ğŸ”¥ğŸ”¥,-0.802,Negative,0.0,Netural,-0.41559702157974243,Negative
"GOOOAT,No cap",0.0,Neutral,0.0,Netural,-0.530987024307251,Negative
2022....,0.0,Neutral,0.0,Netural,-0.34953710436820984,Negative
Recovery 2,0.0,Neutral,0.0,Netural,0.3193628489971161,Netural
About 12 years still we are'nt Afraid âœŠğŸ»,0.0,Neutral,-0.6,Negative,0.2441169172525406,Netural
2022 ğŸ¥°ğŸ¥°ğŸ’«,0.9287,Positive,0.0,Netural,0.29935815930366516,Netural
Used to listen to this song when I was 14 and now Iâ€™m 21,0.0,Neutral,0.0,Netural,0.23915793001651764,Netural
Day 199 of listening to Not Afraid everyday for 1 year,0.0,Neutral,0.04999999999999999,Netural,-0.3246953785419464,Negative
Real man live long!!!,0.0,Neutral,0.07956912878787879,Netural,0.7389044761657715,Positive
25/04/2022 ğŸ™ğŸš€,0.0,Neutral,0.0,Netural,-0.3661476969718933,Negative
How can I translate this song for autism understand the meaning of a good sá»‘ng?,0.4404,Positive,0.7,Positive,-0.2915678918361664,Negative
Eminemâ€™s songs are so addictive I canâ€™t stop listening to them,-0.296,Negative,0.0,Netural,0.7648078799247742,Positive
Ğ»ĞµĞ³ĞµĞ½Ğ´Ğ°,0.0,Neutral,0.0,Netural,0.4118037521839142,Positive
Itâ€™s April 2022 Letâ€™s see how many legends listening to this masterpiece!,0.7325,Positive,0.625,Positive,0.678932785987854,Positive
I'm not afraidğŸ‘¹,0.0,Neutral,0.0,Netural,-0.508965790271759,Negative
Not afraid https://youtu.be/cJb_6XF4NkE,0.0,Neutral,0.3,Netural,0.275477796792984,Netural
We are still here 2022 April 25 !!!!,0.0,Neutral,0.0,Netural,0.354498952627182,Positive
no  word my example forever you got of this shit and you man enough for real  so beautiful,-0.1176,Negative,0.26666666666666666,Netural,0.8016932010650635,Positive
2022 the best,0.6369,Positive,1.0,Positive,0.9027915596961975,Positive
Hi,0.0,Neutral,0.0,Netural,0.23648656904697418,Netural
People simp for him.....I may be one of those,0.0,Neutral,0.0,Netural,0.27761971950531006,Netural
I am here..  Still standing,0.0,Neutral,0.0,Netural,0.41104811429977417,Positive
Wow perfectğŸ§ğŸµğŸ¼ğŸ’›ğŸ’›ğŸŒ»ğŸŒ»â­ï¸â­ï¸â­ï¸â­ï¸â­ï¸,0.9509,Positive,0.1,Netural,0.6722603440284729,Positive
"I got my girlfriend pregnant when this song was released , it's been 11 years and still singleğŸ˜‚ğŸ˜‚",0.7003,Positive,0.3333333333333333,Positive,0.2581638693809509,Netural
Yes i m here for my workout SongğŸ’ª,0.4019,Positive,0.0,Netural,0.5789910554885864,Positive
2022 and still rocking  ğŸ¤ŸğŸ™ŒğŸ¤Ÿ,0.0,Neutral,0.0,Netural,0.5857313275337219,Positive
"I THINK THAT NOT EVERYTHING WAS GOOD FOR YOU, BUT THERE ARE BROTHERS !!! WHO ARE ALWAYS READY TO HELP YOU",0.872,Positive,0.6,Positive,0.30054372549057007,Netural
2022 still hereâ¤ğŸ‡®ğŸ‡¹,0.0,Neutral,0.0,Netural,0.3035266101360321,Netural
"11 years later, still here",0.0,Neutral,0.0,Netural,0.451712965965271,Positive
Best of all time,0.6369,Positive,1.0,Positive,0.9343227744102478,Positive
Politycy ich podÅ‚oÅ›Ä‡ pod sÅ‚odkim kÅ‚amstwem sami siÄ™ gubiÄ… nie wiedza juÅ¼ co prawda co fikcja mydÅ‚a nam oczy telewizja wielu upada zapatrZeni w ich sifficion wielu skarconych wielu zatraconym wielu skaÅ¼onych tak wielu tak maÅ‚o ludzi wÅ‚asnej woli â€¦ to Å›wiat w ktÃ³ry Å¼yjemy gry w polityczne teatrzyki fikcji i obÅ‚udy mydla oczy mydla oczy tak wielu â€¦ co za kraj co za bajka co za historia co chwilkÄ™ zmieniajÄ… polemikÄ™ co chwile grajÄ… â€¦ bawiÄ… siÄ™ wszystkimi bawiÄ… siÄ™ pod obÅ‚uda siejÄ… swojÄ… truciznÄ™ chcÄ… skÅ‚Ã³ciÄ‡ nas â€¦ bo podzieleni wydajemy siÄ™ sÅ‚absi chcÄ… podzieli nas lecz my jesteÅ›my jednoÅ›ciÄ… jesteÅ›my ponad ich obÅ‚uda poza ta gra to takie wszystkie smutne to takie Å¼aÅ‚osne zrozumieÄ‡ ich grÄ™ â€¦ oni naprawdÄ™ myÅ›lÄ… ze mogÄ… omotaÄ‡ nas â€¦ my jesteÅ›my jednoÅ›ciÄ… my jesteÅ›my jednoÅ›ciÄ… na zawsze tak my jesteÅ›my New Generation â€¦ to jest fakt dlatego oni tak bardzo boja siÄ™ nas â€¦ siÅ‚a jest w nas we the Light â€¦ we a New Genartion â€¦,-0.8283,Negative,0.1072314049586777,Netural,0.358857661485672,Positive
"After hearing this track, it really made me feel like I wasn't afraid of my fears bro, what an inspiration ğŸ”¥ ğŸ‘",0.1779,Positive,-0.19999999999999998,Negative,0.43179023265838623,Positive
11 years later still hereğŸ”¥,-0.34,Negative,0.0,Netural,0.43246421217918396,Positive
Still dopeâ¤2022,0.0,Neutral,0.0,Netural,0.33185875415802,Positive
11 years later ğŸ”¥ğŸ”¥ğŸ™Œ,-0.5859,Negative,0.0,Netural,0.36253803968429565,Positive
Best song of Marshal rap God eminemâ¤ï¸ğŸ‡®ğŸ‡³âœŒï¸,0.743,Positive,1.0,Positive,0.8330621123313904,Positive
Iâ€™m not afraid âœŒï¸fu**ing lyrics,0.0,Neutral,0.3,Netural,-0.241779625415802,Negative
11 years later still here,0.0,Neutral,0.0,Netural,0.4411652982234955,Positive
This Song will never die!,0.5327,Positive,0.0,Netural,0.6531890034675598,Positive
For those newly parents teach your children well otherwise they're gonna kucf us all,0.2732,Positive,0.13636363636363635,Netural,0.36087584495544434,Positive
Let's go I love your videos ğŸ˜€ğŸ˜€ ğŸ˜€ğŸ˜€ğŸ˜€ğŸ˜€ğŸ˜€ğŸ˜€ğŸ˜€ğŸ˜€ğŸ˜€ğŸ˜€ğŸ˜€ğŸ˜€ğŸ˜€ğŸ˜€ğŸ˜€ğŸ˜€ğŸ˜€ğŸ˜€ğŸ˜€ğŸ˜€ğŸ˜€,0.9948,Positive,0.5,Positive,0.8441582322120667,Positive
Every one Ready for next episode,0.3612,Positive,0.1,Netural,0.6432653069496155,Positive
10/10,0.0,Neutral,0.0,Netural,0.8239468932151794,Positive
2022 and 2050  Fucking Fan â™¥ï¸âœŒï¸ğŸ–•ğŸ¿,0.7947,Positive,-0.6,Negative,0.4567866921424866,Positive
Recovery â™¥ï¸,0.6369,Positive,0.0,Netural,0.40793728828430176,Positive
6ix9ine GinÃ©,0.0,Neutral,0.0,Netural,0.2857512831687927,Netural
ğŸ¤ğŸ¤ŸğŸ¤ŸğŸ¤ŸğŸ¤ŸğŸ¤Ÿ,0.0,Neutral,0.0,Netural,0.30857792496681213,Netural
ğŸ§ğŸ§ğŸ¶ğŸ¶ğŸ˜ğŸ¤˜ğŸ¤˜ğŸ¤˜ğŸ¤˜,0.4588,Positive,0.0,Netural,0.30857792496681213,Netural
Can you believe his mom tried to sue him for 10 million dollars!!! That's not enough his school bully also tried for 1 mill and the worst of it all is that his own grandma (imma let that one sink in) for 1 million bucks,-0.8472,Negative,-0.13333333333333333,Negative,-0.762054979801178,Negative
"Still ""FOREVER"" What ever comes fist like fuck it for christmas",-0.25,Negative,-0.07500000000000001,Negative,0.3710518181324005,Positive
"mu gpa hates me for liking this song
s",-0.0516,Negative,0.0,Netural,-0.45897021889686584,Negative
Any legends who still love eminem till now?,0.6369,Positive,0.5,Positive,0.4365396201610565,Positive
Bornana,0.0,Neutral,0.0,Netural,0.2789319157600403,Netural
"I'm not afraid, I'm not afraid (yeah)
To take a stand, it's been a ride
Everybody, I guess I had to
Go to that place
To get to this one
Now some of you
Might still be in that place
If you're tryin' to get out
Just follow me
I'll get you there
You can try and read my lyrics off of this paper before I lay 'em
But you won't take the sting out these words before I say 'em
'Cause ain't no way I'm a let you stop me from causin' mayhem
When I say I'm a do somethin' I do it
I don't give a damn what you think
I'm doin' this for me, so fuck the world, feed it beans
It's gassed up, if it thinks it's stoppin' me
I'mma be what I set out to be, without a doubt undoubtedly
And all those who look down on me, I'm tearin' down your balcony
No if, ands or buts, don't try to ask him why or how can he
From ""Infinite"" down to the last ""Relapse"" album he's still shittin'
Whether he's on salary, paid hourly, until he bows out or he shits his bowels out of him
Whichever comes first, for better or worse
He's married to the game, like a fuck you for Christmas
His gift is a curse, forget the Earth, he's got the urge to pull his dick from the dirt
And fuck the whole universe
I'm not afraid (I'm not afraid)
To take a stand (to take a stand)
Everybody (everybody)
Come take my hand come (come take my hand)
We'll walk this road together, through the storm
Whatever weather, cold or warm
Just letting you know that, you're not alone
Holla if you feel like you've been down the same road
Okay quit playin' with the scissors and shit, and cut the crap
I shouldn't have to rhyme these words in the rhythm for you to know it's a rap
You said you was king
You lied through your teeth, for that fuck your feelings
Instead of gettin' crowned you're gettin' capped, and to the fans
I'll never let you down again, I'm back
I promise to never go back on that promise
In fact, let's be honest, that last ""Relapse"" CD was eh
Perhaps I ran them accents into the ground
Relax, I ain't goin' back to that now
All I'm tryin' to say is get back, click-clack, blow 'cause I ain't playin' around
It's a game called circle and I don't know how
I'm way too up to back down
But I think I'm still tryin' to figure this crap out
Thought I had it mapped out but I guess I didn't, this fuckin' black cloud
Still follows me around but it's time to exercise these demons
These muh'fuckers are doin' jumpin' jacks now
I'm not afraid (I'm not afraid)
To take a stand (to take a stand)
Everybody (everybody)
Come take my hand come (come take my hand)
We'll walk this road together, through the storm
Whatever weather, cold or warm
Just letting you know that, you're not alone
Holla if you feel like you've been down the same road
And I just can't keep living this way
So starting today
I'm breaking out of this cage
I'm standing up, I'mma face my demons
I'm manning up, I'mma hold my ground
I've had enough, now I'm so fed up
Time to put my life back together right now (now)
It was my decision to get clean, I did it for me
Admittedly, I probably did it subliminally
For you, so I could come back a brand new me, you helped see me through
And don't realize what you did, believe me you
I been through the ringer, but they could do little to the middle finger
I think I got a tear in my eye, I feel like the king of
My world, haters can make like bees with no stingers and drop dead
No more bee flingers, no more drama from now on
I promise to focus solely on handlin' my responsibilities as a father
So I solemnly swear to always treat this roof, like my daughters and raise it
You couldn't lift a single shingle on it, 'cause the way I feel
I'm strong enough to go to the club or the corner pub
And lift the whole liquor counter up 'cause I'm raising the bar
I'd shoot for the moon but I'm too busy gazin' at stars, I feel amazing and I'm not
I'm not afraid (I'm not afraid)
To take a stand (to take a stand)
Everybody (Everybody)
Come take my hand come (Come take my hand)
We'll walk this road together, through the storm
Whatever weather, cold or warm
Just letting you know that, you're not alone
Holla if you feel like you've been down the same road",0.9521,Positive,-0.0022083844845038943,Negative,-0.4185138940811157,Negative
Still ballin ğŸ˜,0.4588,Positive,0.0,Netural,0.26027265191078186,Netural
2022 Still Not Afraid ! :),-0.416,Negative,0.4375,Positive,0.4748631715774536,Positive
2022 still here ğŸ¤™,0.4939,Positive,0.0,Netural,0.4029630720615387,Positive
0,0.0,Neutral,0.0,Netural,-0.8090890049934387,Negative
this song is addiction,0.0,Neutral,0.0,Netural,-0.6113169193267822,Negative
The song is still the best over the years!,0.6696,Positive,1.0,Positive,0.7159979939460754,Positive
Day 198 of listening to Not Afraid everyday for 1 year,0.0,Neutral,0.04999999999999999,Netural,-0.32728490233421326,Negative
Its 2022 and still a banger,0.0,Neutral,0.0,Netural,0.26278263330459595,Netural
"Anyone  trying to stay sober 
Respect 
9 years and going strong",0.7506,Positive,0.26666666666666666,Netural,0.7354874014854431,Positive
Almost 12 years still here,0.0,Neutral,0.0,Netural,0.4699831008911133,Positive
The youngans don't know bout this,0.0,Neutral,0.0,Netural,-0.28162023425102234,Negative
Desde Colombia sos el mejor,0.6369,Positive,1.0,Positive,0.8391215801239014,Positive
I do for some real fam I can complete there now 4 23 22 Marshall white supremacy iie die 231 eop game over 4 23 22  8 10 33 sec,-0.5719,Negative,-0.039999999999999994,Negative,0.265062540769577,Netural
â¤ï¸ğŸ˜˜,0.4215,Positive,0.0,Netural,0.30857792496681213,Netural
You have to go check out Kim and cleaning out my closet,0.0,Neutral,0.0,Netural,0.3449525237083435,Positive
Who is listening to this in 2022. You are a legend,0.0,Neutral,0.0,Netural,0.6289023160934448,Positive
11 Years later still ğŸ’ª,0.0,Neutral,0.0,Netural,0.43246421217918396,Positive
2022 and still here ğŸ”¥ listening from Philippines,-0.34,Negative,0.0,Netural,0.4174298644065857,Positive
WE SEE IF THEY KEEP PUSHING.,0.0,Neutral,0.0,Netural,0.508682370185852,Positive
we never left baby,0.0,Neutral,0.0,Netural,0.3577730357646942,Positive
love this song <3,0.7964,Positive,0.75,Positive,0.7903955578804016,Positive
2022.04.24,0.0,Neutral,0.0,Netural,-0.32029402256011963,Negative
"12 years later still here 
#Imblessed",0.0,Neutral,0.0,Netural,0.2700095474720001,Netural
Love you em this was my first song i heard of you when i was 10 nothing but love,-0.4501,Negative,0.4166666666666667,Positive,0.8172967433929443,Positive
12 years later on here yessir I remember when this song first droppedğŸ”¥ğŸ”¥ğŸ”¥,-0.7351,Negative,0.125,Netural,0.3582158088684082,Positive
2022 ğŸ˜,0.4588,Positive,0.0,Netural,0.29935815930366516,Netural
Eminem loveâ¤ï¸â¤ï¸â¤ï¸â¤ï¸â¤ï¸â¤ï¸â¤ï¸â¤ï¸â¤ï¸â¤ï¸â¤ï¸â¤ï¸ğŸŒ·ğŸ’ğŸ¤ğŸ¤ğŸ¤ğŸ¤ğŸ¤ğŸ’ğŸ˜‚ğŸŒ¸ğŸ¥²â˜˜ï¸ğŸ–¤ğŸ–¤ğŸ–¤ğŸ–¤ğŸŒ¸ğŸˆğŸ’ğŸ’ğŸ’ğŸˆğŸ’ğŸ¤™ğŸ¿ğŸ¤™ğŸ¿ğŸ¤™ğŸ¿ğŸ¤™ğŸ¿ğŸ¥€ğŸ¤™ğŸ¿ğŸ¤™ğŸ¿ğŸ¤™ğŸ¿ğŸ¤™ğŸ¿ğŸ¤™ğŸ¿ğŸ¤™ğŸ¿ğŸ¤™ğŸ¿ğŸ¤™ğŸ¿ğŸ¤™ğŸ¿ğŸª·ğŸŒ¼â˜ï¸ğŸ¥°ğŸ¥°ğŸ¥°ğŸ¥°ğŸ¥°ğŸ¥°â¤ï¸â¤ï¸â¤ï¸â¤ï¸â¤ï¸,0.9989,Positive,0.0,Netural,0.3412715196609497,Positive
i love you slim,0.6369,Positive,0.5,Positive,0.7600423097610474,Positive
2022?,0.0,Neutral,0.0,Netural,-0.3836294710636139,Negative
"We walk this road together, you can try to read these lyrics off the paper before I lay em. Eminem is a legend",0.0,Neutral,0.0,Netural,0.7550057172775269,Positive
This is the universal go-to song when sh*ts hits the fan.,0.3182,Positive,0.0,Netural,0.553905725479126,Positive
it was my decision to get clean ğŸ¦¾,0.4019,Positive,0.3666666666666667,Positive,0.43009185791015625,Positive
ğŸ”¥,-0.34,Negative,0.0,Netural,0.30857792496681213,Netural
â¤ğŸ’¯ğŸ¥½ğŸ©²ğŸ¹ğŸµğŸ¶ğŸ¼,0.6369,Positive,0.0,Netural,0.30857792496681213,Netural
EM,0.0,Neutral,0.0,Netural,0.27670425176620483,Netural
Who is here in 2022,0.0,Neutral,0.0,Netural,0.41583627462387085,Positive
2011 fuckin hell...,-0.7089,Negative,0.0,Netural,-0.6336849927902222,Negative
I'm inspired by this song forever,0.4939,Positive,0.0,Netural,0.7065907716751099,Positive
You are so gifted ğŸ‘‘,0.0,Neutral,0.5,Positive,0.8287022113800049,Positive
11 years im Steel here! Imortal Eminem voice of the world! â˜ºï¸,0.6792,Positive,0.0,Netural,0.8465337157249451,Positive
11 years still here,0.0,Neutral,0.0,Netural,0.5761345028877258,Positive
2022ğŸ¥°,0.8074,Positive,0.0,Netural,0.30857792496681213,Netural
Yeah man just dropped in that place ğŸ˜®,0.296,Positive,0.0,Netural,-0.5018851161003113,Negative
KING ğŸ˜,0.4588,Positive,0.0,Netural,0.5206773281097412,Positive
12 years later still hereğŸ¤™,0.4939,Positive,0.0,Netural,0.4264445900917053,Positive
2022ğŸ…±ï¸ğŸ…°ï¸ğŸ†–Still hereğŸ”¥ğŸ¤¯,-0.34,Negative,0.0,Netural,0.34280773997306824,Positive
Nomater what this song is true,0.4071,Positive,0.35,Positive,0.5680063366889954,Positive
Eminem ForeverğŸ¤˜,0.0,Neutral,0.0,Netural,0.3412715196609497,Positive
the question is why would you be capped? what did you do to deserve this?,0.0,Neutral,0.0,Netural,0.3186925947666168,Netural
Drugs are bad mkay,-0.5423,Negative,-0.6999999999999998,Negative,-0.5776392817497253,Negative
"Best Eminem song ever for me, ""this fucking black cloud still follows me around, it's time to exercise these demons, these mofos are doing jumping jacks now"".",0.6369,Positive,0.4166666666666667,Positive,0.8835301399230957,Positive
Best rapper of the worldğŸ’¯ğŸ’¯ğŸ’¯,0.6369,Positive,1.0,Positive,0.9230912923812866,Positive
Nice,0.4215,Positive,0.6,Positive,0.4368410110473633,Positive
Wonder how many lives youâ€™ve saved with this song,0.4215,Positive,0.5,Positive,0.5934919118881226,Positive
"I donâ€™t even like rap but I listened. I listened to the words he said in this rap and I commented in a way because Iâ€™m there was, and landed in the same spot again. You see, the difference here is that I wonâ€™t take your hand as he says because after this rap tune he went into that circle again. I will take this demon on myself, bringing you on for that ride would only be ignorant for me to do it to you or anyone, so show how the real world of the slim shady operates. Without popular home front help, No actual friends, no guidance, no nothing. I canâ€™t just pick up the phone and call Dre and in minutes everything will be ok, itâ€™s because however it may end, Iâ€™ve made no call out to the world as I once have and they all disappointed me, this I take on me and only to myself. Regardless, the riff is hot, the lyrics are ghostly",-0.8624,Negative,0.05500000000000001,Netural,-0.3183738887310028,Negative
Amazing video,0.5859,Positive,0.6000000000000001,Positive,0.8198320269584656,Positive
2022 i'm here,0.0,Neutral,0.0,Netural,0.4669765532016754,Positive
sen Ã¼reksen qaqaÅŸ,-0.6486,Negative,0.0,Netural,0.2281380295753479,Netural
By far the best rapper in the world. Talent. Lyrics. No mumbling. Not some cheap drug addict trying to look rich. Real rap. Real music. Songs made by a living legend. That's Marshall Mathers for you.,0.8555,Positive,0.3791666666666667,Positive,0.8813483119010925,Positive
2022ğŸ‘‹ğŸ‘‹ğŸ‘‹,0.8625,Positive,0.0,Netural,0.30857792496681213,Netural
ğŸ¤˜,0.0,Neutral,0.0,Netural,0.30857792496681213,Netural
Still love it,0.6369,Positive,0.5,Positive,0.7410569787025452,Positive
12 years later still here,0.0,Neutral,0.0,Netural,0.44078779220581055,Positive
12 years ğŸ’¥ğŸ”¥ğŸ”¥,-0.743,Negative,0.0,Netural,0.5155438184738159,Positive
why would I destroy what I built,-0.5423,Negative,-0.2,Negative,-0.5470429062843323,Negative
11 years later still here ğŸ¤Ÿ,0.0,Neutral,0.0,Netural,0.48465222120285034,Positive
Love you Em you the best i. You forever you amazineing and thd best i am.walkung hand and hand,0.9618,Positive,0.7000000000000001,Positive,0.9344764351844788,Positive
many songs he did were better than this so if you use this as an idea of how many views he deserves then MANY MUSIC VIDEOS are underviewed that he has done...,0.4404,Positive,0.5,Positive,0.389493852853775,Positive
only legends knowes about 8 mile,0.0,Neutral,0.0,Netural,0.23601526021957397,Netural
Forever,0.0,Neutral,0.0,Netural,0.71201491355896,Positive
Not Afraid is a wicked song and congrats on being 14 years sober an amazing effort Marshall .ğŸ˜ğŸ’ŸğŸ¤˜,0.9001,Positive,0.3333333333333333,Positive,0.8186916708946228,Positive
2022 who's still here???,0.0,Neutral,0.0,Netural,-0.34600967168807983,Negative
Day 197 of listening to Not Afraid everyday for 1 year,0.0,Neutral,0.04999999999999999,Netural,-0.3295693099498749,Negative
11 still here,0.0,Neutral,0.0,Netural,0.3748822510242462,Positive
Mam czekoladki z kawÄ….,0.0,Neutral,0.0,Netural,0.26460209488868713,Netural
KING ğŸ˜ŠâœŒğŸ¤˜ğŸ¤˜ğŸ¤™ğŸ¤™ğŸ¤™ğŸ¤™ğŸ¤™ğŸ†ğŸ†ğŸ†ğŸ¤,0.9756,Positive,0.0,Netural,0.5206773281097412,Positive
"Bro, nostalgia is my favorite drug fr",0.4588,Positive,0.5,Positive,0.8021629452705383,Positive
Alguem em 2024??,0.0,Neutral,0.0,Netural,-0.5397660136222839,Negative
my lieğŸ¤¦â€â™‚ï¸,0.0,Neutral,0.0,Netural,0.5787277817726135,Positive
Best song 2022,0.6369,Positive,1.0,Positive,0.8482901453971863,Positive
Eminem!,0.0,Neutral,0.0,Netural,0.4312005043029785,Positive
This satisfy my soulâ¤ğŸ’šğŸ˜”ğŸ˜”,0.9186,Positive,0.0,Netural,0.5245163440704346,Positive
â¤ï¸,0.0,Neutral,0.0,Netural,0.30857792496681213,Netural
12 years later and i still like listen this music,0.3612,Positive,0.0,Netural,0.5540303587913513,Positive
"Muito grato por essa obra de arte, enjÃ´o nunca",0.718,Positive,-0.2571428571428571,Negative,0.7475093007087708,Positive
12 years later still hereğŸ“Œ,0.0,Neutral,0.0,Netural,0.4264445900917053,Positive
what a hit!,0.0,Neutral,0.0,Netural,0.9077249765396118,Positive
por culpa de este tipo los blancos creemos que podemos rapear :v,0.0,Neutral,0.0,Netural,-0.5075213313102722,Negative
I miss this type of music,-0.1531,Negative,0.0,Netural,-0.40993794798851013,Negative
Eminem's whole career in a nutshell everybody is his bitch,-0.5859,Negative,0.2,Netural,0.39990708231925964,Positive
2022 still listeningğŸ‘ŠğŸ½ğŸ’¯,0.0,Neutral,0.0,Netural,0.3035266101360321,Netural
i am not afraid ....â˜ â˜ â˜ ,0.0,Neutral,0.3,Netural,0.2134232521057129,Netural
Everybody loves this truck,0.5719,Positive,0.0,Netural,0.7819097638130188,Positive
11yrs and I'm still here,0.0,Neutral,0.0,Netural,0.5217921733856201,Positive
"This is deep 
You can let go of that thing so tryâ¤ï¸",0.0,Neutral,0.0,Netural,0.6686742305755615,Positive
Eminem DestrÃ³i Ce Ta DoidoğŸ’£ğŸ¶,-0.8481,Negative,0.0,Netural,-0.5127283334732056,Negative
2022 still listening ğŸ¤ğŸ¤,0.0,Neutral,0.0,Netural,0.28742626309394836,Netural
Ğ›ĞµĞ³ĞµĞ½Ğ´Ğ° / Legenda,0.0,Neutral,0.0,Netural,0.46151503920555115,Positive
2022!,0.0,Neutral,0.0,Netural,0.37432628870010376,Positive
great piece especially the hook part,0.6249,Positive,0.4,Positive,0.5731378793716431,Positive
EVerytime Best,0.6369,Positive,1.0,Positive,0.7570083737373352,Positive
2022.4.23,0.0,Neutral,0.0,Netural,-0.3607417345046997,Negative
"Marshal I Love You Bro, The Devil tells You if You don't dare to do something or in other words, if You don't do something, The Devil tells You You don't do it because you can't kill the physical pain, always convince yourself otherwise..",-0.4874,Negative,0.125,Netural,0.7420487403869629,Positive
11 years later still here ğŸ¤Ÿ,0.0,Neutral,0.0,Netural,0.48465222120285034,Positive
You arenâ€™t human if your favorite bit isnt the first 20 seconds,0.4588,Positive,0.25,Netural,-0.3181617558002472,Negative
"im a high school student in gen z, they have no idea what real music is. they listen to mumble rappers with the name â€œlilâ€ and automatically think itâ€™s bars lmao. eminem is my inspiration, he really is the greatest out there. he puts meaning into his raps unlike this generation. forever love you.ğŸ–¤",0.9636,Positive,0.44333333333333336,Positive,0.7360975742340088,Positive
this was when em fell off,0.0,Neutral,0.0,Netural,-0.43878233432769775,Negative
This masterpiece motivates me to work harder and never give  up in life.,0.6249,Positive,-0.1,Negative,0.8847101330757141,Positive
This album was so good,0.5777,Positive,0.7,Positive,0.670209527015686,Positive
your awesome and your music rocks,0.6249,Positive,1.0,Positive,0.8386983275413513,Positive
Who is here after 12ys ?,0.0,Neutral,0.0,Netural,-0.4832567870616913,Negative
Hay.me.dicen si quieren mÃ¡s,0.0772,Positive,0.5,Positive,-0.34716588258743286,Negative
2022 stillğŸ¥¶ğŸ¥¶,0.0,Neutral,0.0,Netural,0.29935815930366516,Netural
ğŸ§ğŸµğŸ¶ğŸï¸,0.0,Neutral,0.0,Netural,0.30857792496681213,Netural
2022 still listening to it,0.0,Neutral,0.0,Netural,0.2757534682750702,Netural
Is weard u haven't make movie if do it looks u do asome,0.5267,Positive,0.25,Netural,-0.37860482931137085,Negative
The legend stay listening to this art 2022,0.0,Neutral,0.0,Netural,0.5855032801628113,Positive
Eminem is a beast rapper ğŸ’¥ğŸ‘Œ,0.5622,Positive,0.0,Netural,0.3951374292373657,Positive
"2022 ,  if you are steal watch this you are a legend",-0.4939,Negative,0.0,Netural,0.5040430426597595,Positive
10 years later still here,0.0,Neutral,0.0,Netural,0.5618133544921875,Positive
This man is very dangerous .it just  penetrate my heart . Thank you so much.i am your follower.,0.5118,Positive,-0.78,Negative,0.5838354825973511,Positive
Estamos em 2022 e Eminem continua sendo o melhor rapper de todos os sÃ©culos...,0.6369,Positive,1.0,Positive,0.8411965370178223,Positive
thanks 1 more saved,0.7178,Positive,0.35,Positive,0.37641003727912903,Positive
11 year later ğŸ¤«,0.0,Neutral,0.0,Netural,0.27716660499572754,Netural
goat,0.0,Neutral,0.0,Netural,-0.30313840508461,Negative
April 2022,0.0,Neutral,0.0,Netural,-0.40036460757255554,Negative
In 2022,0.0,Neutral,0.0,Netural,0.30341222882270813,Netural
Still not afraid,0.0,Neutral,0.3,Netural,0.33648309111595154,Positive
Ù‡ÛŒ Ø³ÙÛŒØ¯ Ø¨Ø±ÙÛŒÙ‡ Ù†Ø§Ù†Ø§Ø²ÛŒ Ø§Ø² Ø±Ù¾ Ú¯Ù…Ø´Ùˆ,-0.3182,Negative,0.0,Netural,-0.4685331881046295,Negative
U r my father Marshall,0.0,Neutral,0.0,Netural,0.43321317434310913,Positive
Love u em.,0.6369,Positive,0.5,Positive,0.7323102355003357,Positive
Energetic,0.4404,Positive,0.5,Positive,0.3397376537322998,Positive
"11 years later still here, still a bop.",0.0,Neutral,0.0,Netural,0.5996842384338379,Positive
11 years later and still here,0.0,Neutral,0.0,Netural,0.5447494983673096,Positive
I listen this year 2022 â¤ï¸ğŸ˜‹ğŸ˜‹,0.0,Neutral,0.0,Netural,0.44029879570007324,Positive
hes married to the game,0.0,Neutral,-0.07500000000000001,Negative,0.3486368656158447,Positive
2022 hereğŸ”¥ğŸ”¥ğŸ”¥ğŸ”¥ğŸ”¥ à´®à´²à´¯à´¾à´³à´¿  daaaaa,-0.875,Negative,0.0,Netural,-0.47450774908065796,Negative
LETS FUCKING GOOOO,0.0,Neutral,-0.6,Negative,-0.5143805742263794,Negative
ğŸ˜ŒğŸ’œ,0.7783,Positive,0.0,Netural,0.30857792496681213,Netural
Legendary,0.0,Neutral,1.0,Positive,0.7853575348854065,Positive
Day 196 of listening to Not Afraid everyday for 1 year,0.0,Neutral,0.04999999999999999,Netural,-0.2965935170650482,Negative
still one of the best we'll known worldwide hit hiphop song forever,0.743,Positive,1.0,Positive,0.7400724291801453,Positive
11 years,0.0,Neutral,0.0,Netural,0.5014446973800659,Positive
Nice,0.4215,Positive,0.6,Positive,0.4368410110473633,Positive
This was peak Em,0.0,Neutral,0.0,Netural,0.5426931381225586,Positive
I used to listen to this song and the songs he bought out at that time in Afghanistan in 2010. Abit of an experience reminder. I have no relation to  his lyrics mind. Just good songs at that time.,0.1779,Positive,0.7,Positive,-0.3731668293476105,Negative
since i was young i known this song as a nba song,0.0,Neutral,0.1,Netural,0.38584718108177185,Positive
Mis  problemas yo los resulbo persona de pues yo aclaro las  cosas con todo ustedes de DC. ME  KERILLA BER PUS SI ME VAS A VER DONDE QUIERA...LOS BLI...BLI ....DC ...,-0.2263,Negative,0.0,Netural,-0.3223267197608948,Negative
"Every fkin generation would love this song, no doubt",0.7438,Positive,0.5,Positive,0.7657884955406189,Positive
A sayary y a masiel les gusta eminem,0.3612,Positive,0.0,Netural,0.39604315161705017,Positive
Own it. Your world.,0.0,Neutral,0.6,Positive,0.7222760915756226,Positive
Hi mom,0.0,Neutral,0.0,Netural,0.3282783329486847,Netural
Mam love tanks benediction,0.6369,Positive,0.5,Positive,0.47371917963027954,Positive
Hhhhh flying lover,0.5859,Positive,0.0,Netural,0.2630346715450287,Netural
It honestly sound good at 1.25x idk why but it sounds good,0.765,Positive,0.6,Positive,0.39490681886672974,Positive
47 Carter bridge for a caving spine and HOPE FOR ADVANTAGE AT 53 FOR SULLY YEARS 50 JUDEA FOR NIC AND CIBER BUT BULL ğŸ‚ HEAD TO SCRIPT,0.491,Positive,0.0,Netural,0.29371365904808044,Netural
Jack for my leapfrog anos 13 and your 23 we are no longer deal with the family seals 4 7 seas and eeee. Michael 1974 and Arc Angel Michael and GABBY AND GABRIEL,-0.296,Negative,0.0,Netural,0.6194257736206055,Positive
ĞĞ¼ĞµÑ€Ğ¸ĞºĞ° ÑƒĞ¼Ğ¸Ñ€Ğ°ĞµÑ‚. Ğ–Ğ´ĞµĞ¼ Ñ‚ĞµĞ±Ñ Ğ² Ğ Ğ¾ÑÑĞ¸Ğ¸ Ğ±Ñ€Ğ°Ñ‚. ĞĞ°Ğ¼ Ğ½ÑƒĞ¶Ğ½Ñ‹ Ñ‚Ğ°Ğ»Ğ°Ğ½Ñ‚Ğ»Ğ¸Ğ²Ñ‹Ğµ Ğ»ÑĞ´Ğ¸.,0.5106,Positive,0.7,Positive,0.6947013139724731,Positive
22 anos 4 1441 and 1946 was James w. Kniest LIAM - 27 TEJON FIR LEVI AND A ğŸšƒğŸš‚ JACK 1 ST IMPRINT WITH FATHER AND 4 FOR THE 5 HE WAS 21,0.0,Neutral,0.0,Netural,-0.33359193801879883,Negative
11years,0.0,Neutral,0.0,Netural,0.2379223257303238,Netural
"2022/4/21
Follow me ğŸ˜ğŸ˜",0.7184,Positive,0.0,Netural,0.40469419956207275,Positive
"This song motivated ğŸ™Œme to lose( 40 pound ) 
_ No drugs 
_no drunk ğŸ¥´ 
_no smoke 
_no gambling 
Did change me for ağŸ‘good   person. for me and my pepol and the others .
Stop these bad habits lead me to a job and to a happy life .

The question is when you will stop? âœ‹",-0.5106,Negative,0.11666666666666674,Netural,-0.43263593316078186,Negative
LOVE THIS!!,0.6988,Positive,0.78125,Positive,0.919042706489563,Positive
"Fuck you ""YouTube Ads"" i came here to hear Eminem",-0.5423,Negative,-0.4,Negative,-0.7594280242919922,Negative
3:39 my fav line,0.4588,Positive,0.0,Netural,0.4115673899650574,Positive
Thanks Eminem,0.4404,Positive,0.2,Netural,0.5088284611701965,Positive
11 years later still here ğŸ‘Œ,0.7297,Positive,0.0,Netural,0.48465222120285034,Positive
ğŸ‡²ğŸ‡¦ğŸ‡²ğŸ‡¦ğŸ‡²ğŸ‡¦ğŸ–¤ğŸ‘ğŸ½ğŸ‘ğŸ½ğŸ‘ğŸ½ğŸ‘ğŸ½ never gets old 2022 .....,0.6369,Positive,0.1,Netural,-0.4225974678993225,Negative
am nara freeh,0.0,Neutral,0.0,Netural,-0.4180462062358856,Negative
Sorry I talk shit to wrong tesla guy lol,-0.6369,Negative,-0.09999999999999998,Negative,-0.7797442078590393,Negative
